timestamp,domain,platform,source,content,raw_content,sentiment_score,sentiment_label
,Politics,telegram,MQ_QU,قوى الأمن العام بالتعاون مع وحدات من وزارة الدفاع تنفذ حملة أمنية في قرية الهري قرب الحدود العراقية السورية تستهدف أوكار تجار السلاح ومروجي المخدرات وتسفر عن مداهمات ناجحة ضمن جهود تعزيز الأمن ومكافحة الجريمة في المنطقة الحدودية ــــــــــــــــــــــــــــ httpstmemq_qu,"●قوى الأمن العام، بالتعاون مع وحدات من وزارة الدفاع، تنفذ حملة أمنية في قرية الهري قرب الحدود العراقية السورية، تستهدف أوكار تجار السلاح ومروّجي المخدرات، وتسفر عن مداهمات ناجحة ضمن جهود تعزيز الأمن ومكافحة الجريمة في المنطقة الحدودية.
ــــــــــــــــــــــــــــ
https://t.me/MQ_QU",0.22813642024993896,negative
,Politics,telegram,MQ_QU,قوى الأمن العام بالتعاون مع وحدات من وزارة الدفاع تنفذ حملة أمنية في قرية الهري قرب الحدود العراقية السورية تستهدف أوكار تجار السلاح ومروجي المخدرات وتسفر عن مداهمات ناجحة ضمن جهود تعزيز الأمن ومكافحة الجريمة في المنطقة الحدودية ــــــــــــــــــــــــــــ httpstmemq_qu,"●قوى الأمن العام، بالتعاون مع وحدات من وزارة الدفاع، تنفذ حملة أمنية في قرية الهري قرب الحدود العراقية السورية، تستهدف أوكار تجار السلاح ومروّجي المخدرات، وتسفر عن مداهمات ناجحة ضمن جهود تعزيز الأمن ومكافحة الجريمة في المنطقة الحدودية.
ــــــــــــــــــــــــــــ
https://t.me/MQ_QU",0.22813642024993896,negative
,Politics,telegram,MQ_QU,مسؤولة السياسة الخارجية بالاتحاد الأوروبي كايا كالاس عبر منصة x اتخذنا اليوم قرارا برفع عقوباتنا الاقتصادية عن سوريا نريد مساعدة الشعب السوري على بناء سوريا جديدة شاملة وسلمية الاتحاد الأوروبي وقف إلى جانب السوريين على مدار الـ 14 عاما الماضية وسيواصل ذلك ــــــــــــــــــــــــــــ httpstmemq_qu,"●مسؤولة السياسة الخارجية بالاتحاد الأوروبي ""كايا كالاس"" عبر منصة X:

اتخذنا اليوم قراراً برفع عقوباتنا الاقتصادية عن سوريا.

نريد مساعدة الشعب السوري على بناء سوريا جديدة شاملة وسلمية.

الاتحاد الأوروبي وقف إلى جانب السوريين على مدار الـ 14 عاماً الماضية وسيواصل ذلك.
ــــــــــــــــــــــــــــ
https://t.me/MQ_QU",0.17907756567001343,negative
,Politics,telegram,MQ_QU,رويترز تقول إن الحكومة السورية الجديدة سلمت إسرائيل أرشيف إيلي كوهين كبادرة حسن نية ــــــــــــــــــــــــــــ httpstmemq_qu,"●رويترز تقول إن الحكومة السورية الجديدة سلمت إسرائيل أرشيف إيلي كوهين كبادرة حسن نية
ــــــــــــــــــــــــــــ
https://t.me/MQ_QU",0.2770591378211975,negative
,Politics,telegram,MQ_QU,الجمهورية العربية السورية ترحب بإعلان رفع عقوبات الاتحاد الأوروبي الاقتصادية ــــــــــــــــــــــــــــ httpstmemq_qu,"●الجمهورية العربية السورية ترحب بإعلان رفع عقوبات الاتحاد الأوروبي الاقتصادية.
ــــــــــــــــــــــــــــ
https://t.me/MQ_QU",0.2848636507987976,negative
,Politics,telegram,MQ_QU,الجمهورية العربية السورية ترحب بإعلان رفع عقوبات الاتحاد الأوروبي الاقتصادية ــــــــــــــــــــــــــــ httpstmemq_qu,"●الجمهورية العربية السورية ترحب بإعلان رفع عقوبات الاتحاد الأوروبي الاقتصادية.
ــــــــــــــــــــــــــــ
https://t.me/MQ_QU",0.2848636507987976,negative
,Politics,telegram,MQ_QU,رويترز تقول إن الحكومة السورية الجديدة سلمت إسرائيل أرشيف إيلي كوهين كبادرة حسن نية ــــــــــــــــــــــــــــ httpstmemq_qu,●رويترز تقول إن الحكومة السورية الجديدة سلمت إسرائيل أرشيف إيلي كوهين كبادرة حسن نية ــــــــــــــــــــــــــــ https://t.me/MQ_QU,0.2770591378211975,negative
,Politics,telegram,MQ_QU,إعلام إسرائيلي في إسرائيل المسؤولين ينفون ما قالته رويترز عن أن الجولاني سلم أرشيف إيلي كوهين ــــــــــــــــــــــــــــ httpstmemq_qu,"●إعلام إسرائيلي: في إسرائيل (المسؤولين) ينفون ما قالته رويترز عن أن الجولاني سلّم أرشيف إيلي كوهين.
ــــــــــــــــــــــــــــ
https://t.me/MQ_QU",0.3904677629470825,negative
,Politics,telegram,MQ_QU,قائد القوى الجوية في وزارة الدفاع العميد عاصم هواري برفقة رئيس أركان القوى الجوية العميد مصطفى بكور يجريان جولة تفقدية في مطار السين العسكري للاطلاع على جاهزيته الفنية وبنيته التحتية تمهيدا لإعادة تفعيله ووضعه في الخدمة وذلك بعد تعرضه لمحاولات تخريب متكررة بهدف تعطيله ــــــــــــــــــــــــــــ httpstmemq_qu,"●قائد القوى الجوية في وزارة الدفاع العميد عاصم هواري برفقة رئيس أركان القوى الجوية العميد مصطفى بكور يجريان جولة تفقدية في مطار السين العسكري للاطلاع على جاهزيته الفنية وبُنيته التحتية، تمهيداً لإعادة تفعيله ووضعه في الخدمة، وذلك بعد تعرضه لمحاولات تخريب متكررة بهدف تعطيله.
ــــــــــــــــــــــــــــ
https://t.me/MQ_QU",0.23542797565460205,negative
,Politics,telegram,MQ_QU,قائد القوى الجوية في وزارة الدفاع العميد عاصم هواري برفقة رئيس أركان القوى الجوية العميد مصطفى بكور يجريان جولة تفقدية في مطار السين العسكري للاطلاع على جاهزيته الفنية وبنيته التحتية تمهيدا لإعادة تفعيله ووضعه في الخدمة وذلك بعد تعرضه لمحاولات تخريب متكررة بهدف تعطيله ــــــــــــــــــــــــــــ httpstmemq_qu,"●قائد القوى الجوية في وزارة الدفاع العميد عاصم هواري برفقة رئيس أركان القوى الجوية العميد مصطفى بكور يجريان جولة تفقدية في مطار السين العسكري للاطلاع على جاهزيته الفنية وبُنيته التحتية، تمهيداً لإعادة تفعيله ووضعه في الخدمة، وذلك بعد تعرضه لمحاولات تخريب متكررة بهدف تعطيله.
ــــــــــــــــــــــــــــ
https://t.me/MQ_QU",0.23542797565460205,negative
,Politics,telegram,MQ_QU,وزير خارجية النرويج أرحب بقرار الاتحاد الأوروبي رفع العقوبات عن سوريا وهي خطوة طالما دعمتها النرويج يجب أن نتيح لحكومة الرئيس الشرع والشعب السوري فرصة إعادة بناء سوريا وتوحيدها ــــــــــــــــــــــــــــ httpstmemq_qu,"●وزير خارجية النرويج:

أرحب بقرار الاتحاد الأوروبي رفع العقوبات عن سوريا وهي خطوة طالما دعمتها النرويج.

يجب أن نتيح لحكومة الرئيس الشرع والشعب السوري فرصة إعادة بناء سوريا وتوحيدها.
ــــــــــــــــــــــــــــ
https://t.me/MQ_QU",0.24588090181350708,negative
,Politics,telegram,MQ_QU,قوات سوريا الديمقراطية نجحت قواتنا في إحباط هجومين لتنظيم داعش في ريفي دير الزور والحسكة وقع الهجوم الأول في بلدة مركدة جنوب الحسكة حيث اعترض حاجز أمني سيارة محملة بالأسلحة والذخيرة شنت خلية تابعة لداعش هجوما على الحاجز لكن قواتنا صدت الهجوم وقع الهجوم الثاني في بلدة سويدان بدير الزور حيث استهدفت خلية إرهابية إحدى دورياتنا الأمنية لم تسجل أي إصابات في صفوف قواتنا ــــــــــــــــــــــــــــ httpstmemq_qu,"●قوات سوريا الديمقراطية:

نجحت قواتنا في إحباط هجومين لتنظيم داعش في ريفي دير الزور والحسكة.

وقع الهجوم الأول في بلدة مركدة جنوب الحسكة، حيث اعترض حاجز أمني سيارة محملة بالأسلحة والذخيرة. شنت خلية تابعة لداعش هجومًا على الحاجز، لكن قواتنا صدت الهجوم.

وقع الهجوم الثاني في بلدة سويدان بدير الزور، حيث استهدفت خلية إرهابية إحدى دورياتنا الأمنية. لم تُسجل أي إصابات في صفوف قواتنا.
ــــــــــــــــــــــــــــ
https://t.me/MQ_QU",0.19299429655075073,negative
,Politics,telegram,MQ_QU,وزير الخارجية الأمريكي من مصلحتنا تخفيف العقوبات على سوريا ورفعها من قائمة الدول الداعمة للإرهاب إذا أوفت بالمعايير ــــــــــــــــــــــــــــ httpstmemq_qu,"●وزير الخارجية الأمريكي: من مصلحتنا تخفيف العقوبات على سوريا ورفعها من قائمة الدول الداعمة للإرهاب إذا أوفت بالمعايير.
ــــــــــــــــــــــــــــ
https://t.me/MQ_QU",0.28052961826324463,negative
,Politics,telegram,MQ_QU,شخص يستقل سيارة يصور نساء يرتدين النقاب ويصفهم بداعش في ساحة الأمويين بالعاصمة دمشق ــــــــــــــــــــــــــــ httpstmemq_qu,"●شخص يستقل سيارة يصور نساء يرتدين النقاب ويصفهم بداعش في ساحة الأمويين بالعاصمة دمشق.
ــــــــــــــــــــــــــــ
https://t.me/MQ_QU",0.2197619080543518,negative
,Politics,telegram,MQ_QU,بيان توضيحي بشأن الحملة الإعلامية الأخيرة صادر عن الفرقة 62 الجيش الوطني السوري إن النشر المتداول اليوم حول مزاعم بارتكاب انتهاكات من قبل بعض فصائل الجيش الوطني السوري ليس إلا فبركة إعلامية جديدة صادرة عن وسائل إعلام تابعة لـقسد و لأطراف اخرى لا تريد الخير لسوريا و شعبها تستند إلى تقارير قديمة سبق أن اطلعنا عليها وفضحنا ما ورد فيها من مغالطات وفندناها بالأدلة والحقائق في حينه ويأتي هذا التكرار في سياق حملة ممنهجة تهدف إلى تشويه صورة الحكومة الانتقالية وعرقلة مشروع دمج فصائل الجيش الوطني ضمن وزارة الدفاع الجديدة في محاولة لإرباك مسار بناء مؤسسات الدولة وتعطيل جهود توحيد القرار العسكري تحت سلطة مدنية شرعية أما التقرير الذي أعادت قسد تسويقه اليوم والصادر سابقا عن منظمة هيومن رايتس ووتش فقد اعتمد على روايات مشبوهة ومصادر غير مستقلة بعضها يرتبط مباشرة بجهات معادية للمشروع الوطني السوري في تجاهل تام لمبادئ الحياد والموضوعية التي يفترض أن تحكم العمل الحقوقي لقد فندنا سابقا ما ورد في هذا التقرير من مغالطات وتشويهات متعمدة وأكدنا أنه يمثل نموذجا للتوظيف السياسي للعمل الحقوقي حيث تجاهلت المنظمة جرائم موثقة بالصوت والصورة ارتكبتها قسد بحق المدنيين مثل التهجير القسري والقصف العشوائي واستعراض جثث المقاتلين في الشوارع دون أن تحرك تلك المنظمات ساكنا إننا في الفرقة 62 وضمن إطار الحكومة السورية الانتقالية نؤكد التزامنا الكامل بمبادئ القانون وحقوق الإنسان ونتعامل بجدية مع أي ادعاءات موثقة وموضوعية من خلال مؤسسات قضائية مستقلة وفعالة لا تخضع لأي اعتبارات سياسية وندعو المنظمات الدولية وفي مقدمتها هيومن رايتس ووتش إلى 1 مراجعة منهجياتها وآليات التوثيق والتحقق من مصادرها 2 الانفتاح على التواصل المباشر مع الجهات الرسمية والشرعية في سوريا 3 النأي بنفسها عن الانخراط في حملات تستهدف وحدة سوريا ومؤسساتها الوطنية إننا نهيب بكافة الشركاء الدوليين إلى التمييز بين التقارير الحقوقية الجادة وبين المواد المفبركة التي تستخدم كأدوات لتصفية حسابات سياسية وندعوهم إلى دعم الجهود الوطنية لبناء جيش موحد ومؤسسات شرعية باعتبارها الضمانة الحقيقية لاستقرار سوريا ومستقبلها الفرقة 62 الجيش الوطني السوري العميد محمد الجاسم 18 أيار مايو 2025 ــــــــــــــــــــــــــــ httpstmemq_qu,"●بيان توضيحي بشأن الحملة الإعلامية الأخيرة
صادر عن الفرقة 62 – الجيش الوطني السوري

إن النشر المتداول اليوم حول مزاعم بارتكاب انتهاكات من قبل بعض فصائل الجيش الوطني السوري، ليس إلا فبركة إعلامية جديدة صادرة عن وسائل إعلام تابعة لـ”قسد”، و لأطراف اخرى لا تريد الخير لسوريا و شعبها ، تستند إلى تقارير قديمة سبق أن اطلعنا عليها وفضحنا ما ورد فيها من مغالطات، وفندناها بالأدلة والحقائق في حينه. ويأتي هذا التكرار في سياق حملة ممنهجة تهدف إلى تشويه صورة الحكومة الانتقالية وعرقلة مشروع دمج فصائل الجيش الوطني ضمن وزارة الدفاع الجديدة، في محاولة لإرباك مسار بناء مؤسسات الدولة وتعطيل جهود توحيد القرار العسكري تحت سلطة مدنية شرعية.

أما التقرير الذي أعادت “قسد” تسويقه اليوم، والصادر سابقًا عن منظمة “هيومن رايتس ووتش”، فقد اعتمد على روايات مشبوهة ومصادر غير مستقلة، بعضها يرتبط مباشرة بجهات معادية للمشروع الوطني السوري، في تجاهل تام لمبادئ الحياد والموضوعية التي يفترض أن تحكم العمل الحقوقي.

لقد فندنا سابقًا ما ورد في هذا التقرير من مغالطات وتشويهات متعمدة، وأكدنا أنه يمثل نموذجًا للتوظيف السياسي للعمل الحقوقي، حيث تجاهلت المنظمة جرائم موثقة بالصوت والصورة ارتكبتها “قسد” بحق المدنيين، مثل التهجير القسري، والقصف العشوائي، واستعراض جثث المقاتلين في الشوارع، دون أن تحرك تلك المنظمات ساكنًا.

إننا في الفرقة 62، وضمن إطار الحكومة السورية الانتقالية، نؤكد التزامنا الكامل بمبادئ القانون وحقوق الإنسان، ونتعامل بجدية مع أي ادعاءات موثقة وموضوعية، من خلال مؤسسات قضائية مستقلة وفعّالة، لا تخضع لأي اعتبارات سياسية.

وندعو المنظمات الدولية، وفي مقدمتها “هيومن رايتس ووتش”، إلى:
1. مراجعة منهجياتها وآليات التوثيق والتحقق من مصادرها.
2. الانفتاح على التواصل المباشر مع الجهات الرسمية والشرعية في سوريا.
3. النأي بنفسها عن الانخراط في حملات تستهدف وحدة سوريا ومؤسساتها الوطنية.

إننا نهيب بكافة الشركاء الدوليين إلى التمييز بين التقارير الحقوقية الجادة، وبين المواد المفبركة التي تُستخدم كأدوات لتصفية حسابات سياسية، وندعوهم إلى دعم الجهود الوطنية لبناء جيش موحد ومؤسسات شرعية، باعتبارها الضمانة الحقيقية لاستقرار سوريا ومستقبلها.

الفرقة 62 – الجيش الوطني السوري
العميد محمد الجاسم
18 أيار / مايو 2025
ــــــــــــــــــــــــــــ
https://t.me/MQ_QU",0.207913339138031,negative
,Politics,telegram,MQ_QU,اهم ما جاء في بيان صادر عن المرجعية الروحية العليا للطائفة العلوية العلامة الشيخ غزال غزال رئيس المجلس الإسلامي العلوي الأعلى في سوريا والمهجر ما زالت المطالب الأساسية تواجه بالتهميش والتجاهل ولم يفرج بعد عن آلاف المعتقلين المغيبين دون تهمة أو محاكمة ولم يكشف عن مصير المفقودين والمخطوفين عمليات القتل والتهجير والاعتقال غير المبرر مستمرة لم نكن يوما نطالب يوما بدولة دينية قائمة على أساس مذهبي أو طائفي بل كنا نأمل بقيام دولية مدنية أو علمانية تؤمن بفصل الدين عن السياسة على النقيض مما وصلنا إليه اليوم ما وصلنا إليه من مطالب باللامركزية السياسة الفيدرالية لم يعد مجرد رد دفاعي على هجومهم بل أصبح هدفا ملحا لحياة أفضل تقوم على التعاون بين مختلف أطياف الشعب ــــــــــــــــــــــــــــ httpstmemq_qu,"●اهم ما جاء في بيان صادر عن المرجعية الروحية العليا للطائفة العلوية العلامة الشيخ غزال غزال رئيس المجلس الإسلامي العلوي الأعلى في سوريا والمهجر:

ما زالت المطالب الأساسية تواجه بالتهميش والتجاهل، ولم يفرج بعد عن آلاف المعتقلين المغيبين دون تهمة أو محاكمة، ولم يكشف عن مصير المفقودين والمخطوفين.

عمليات القتل والتهجير والاعتقال غير المبرر مستمرة.

لم نكن يوماً نطالب يوماً بدولة دينية قائمة على أساس مذهبي أو طائفي بل كنا نأمل بقيام دولية مدنية أو علمانية تؤمن بفصل الدين عن السياسة، على النقيض مما وصلنا إليه اليوم.

ما وصلنا إليه من مطالب باللامركزية السياسة (الفيدرالية) لم يعد مجرد رد دفاعي على هجومهم، بل أصبح هدفاً ملحاً لحياة أفضل تقوم على التعاون بين مختلف أطياف الشعب.
ــــــــــــــــــــــــــــ
https://t.me/MQ_QU",0.20879799127578735,negative
,Politics,telegram,MQ_QU,المرصد السوري 9 قتلوا وقضوا واستشهدوا في ظروف مختلفة في 20 أيار ــــــــــــــــــــــــــــ httpstmemq_qu,"●المرصد السوري: 9 قُتلوا وقضوا واستُشهدوا في ظروف مختلفة في 20 أيار.
ــــــــــــــــــــــــــــ
https://t.me/MQ_QU",0.18238383531570435,negative
,Politics,telegram,MQ_QU,مجلس التعاون الخليجي يرحب بقرار الاتحاد الأوروبي رفع العقوبات الاقتصادية عن سوريا ــــــــــــــــــــــــــــ httpstmemq_qu,"●مجلس التعاون الخليجي يرحب بقرار الاتحاد الأوروبي رفع العقوبات الاقتصادية عن سوريا.
ــــــــــــــــــــــــــــ
https://t.me/MQ_QU",0.3446419835090637,negative
,Politics,telegram,MQ_QU,قائد القوى الجوية في وزارة الدفاع العميد عاصم هواري برفقة رئيس أركان القوى الجوية العميد مصطفى بكور يجريان جولة تفقدية في مطار السين العسكري للاطلاع على جاهزيته الفنية وبنيته التحتية تمهيدا لإعادة تفعيله ووضعه في الخدمة وذلك بعد تعرضه لمحاولات تخريب متكررة بهدف تعطيله ــــــــــــــــــــــــــــ httpstmemq_qu,"●قائد القوى الجوية في وزارة الدفاع العميد عاصم هواري برفقة رئيس أركان القوى الجوية العميد مصطفى بكور يجريان جولة تفقدية في مطار السين العسكري للاطلاع على جاهزيته الفنية وبُنيته التحتية، تمهيداً لإعادة تفعيله ووضعه في الخدمة، وذلك بعد تعرضه لمحاولات تخريب متكررة بهدف تعطيله.
ــــــــــــــــــــــــــــ
https://t.me/MQ_QU",0.23542797565460205,negative
,Politics,telegram,MQ_QU,قائد القوى الجوية في وزارة الدفاع العميد عاصم هواري برفقة رئيس أركان القوى الجوية العميد مصطفى بكور يجريان جولة تفقدية في مطار السين العسكري للاطلاع على جاهزيته الفنية وبنيته التحتية تمهيدا لإعادة تفعيله ووضعه في الخدمة وذلك بعد تعرضه لمحاولات تخريب متكررة بهدف تعطيله ــــــــــــــــــــــــــــ httpstmemq_qu,"●قائد القوى الجوية في وزارة الدفاع العميد عاصم هواري برفقة رئيس أركان القوى الجوية العميد مصطفى بكور يجريان جولة تفقدية في مطار السين العسكري للاطلاع على جاهزيته الفنية وبُنيته التحتية، تمهيداً لإعادة تفعيله ووضعه في الخدمة، وذلك بعد تعرضه لمحاولات تخريب متكررة بهدف تعطيله.
ــــــــــــــــــــــــــــ
https://t.me/MQ_QU",0.23542797565460205,negative
,Politics,telegram,MQ_QU,وزير خارجية النرويج أرحب بقرار الاتحاد الأوروبي رفع العقوبات عن سوريا وهي خطوة طالما دعمتها النرويج يجب أن نتيح لحكومة الرئيس الشرع والشعب السوري فرصة إعادة بناء سوريا وتوحيدها ــــــــــــــــــــــــــــ httpstmemq_qu,"●وزير خارجية النرويج:

أرحب بقرار الاتحاد الأوروبي رفع العقوبات عن سوريا وهي خطوة طالما دعمتها النرويج.

يجب أن نتيح لحكومة الرئيس الشرع والشعب السوري فرصة إعادة بناء سوريا وتوحيدها.
ــــــــــــــــــــــــــــ
https://t.me/MQ_QU",0.24588090181350708,negative
,Politics,telegram,MQ_QU,قوات سوريا الديمقراطية نجحت قواتنا في إحباط هجومين لتنظيم داعش في ريفي دير الزور والحسكة وقع الهجوم الأول في بلدة مركدة جنوب الحسكة حيث اعترض حاجز أمني سيارة محملة بالأسلحة والذخيرة شنت خلية تابعة لداعش هجوما على الحاجز لكن قواتنا صدت الهجوم وقع الهجوم الثاني في بلدة سويدان بدير الزور حيث استهدفت خلية إرهابية إحدى دورياتنا الأمنية لم تسجل أي إصابات في صفوف قواتنا ــــــــــــــــــــــــــــ httpstmemq_qu,"●قوات سوريا الديمقراطية:

نجحت قواتنا في إحباط هجومين لتنظيم داعش في ريفي دير الزور والحسكة.

وقع الهجوم الأول في بلدة مركدة جنوب الحسكة، حيث اعترض حاجز أمني سيارة محملة بالأسلحة والذخيرة. شنت خلية تابعة لداعش هجومًا على الحاجز، لكن قواتنا صدت الهجوم.

وقع الهجوم الثاني في بلدة سويدان بدير الزور، حيث استهدفت خلية إرهابية إحدى دورياتنا الأمنية. لم تُسجل أي إصابات في صفوف قواتنا.
ــــــــــــــــــــــــــــ
https://t.me/MQ_QU",0.19299429655075073,negative
,Politics,telegram,MQ_QU,وزير الخارجية الأمريكي من مصلحتنا تخفيف العقوبات على سوريا ورفعها من قائمة الدول الداعمة للإرهاب إذا أوفت بالمعايير ــــــــــــــــــــــــــــ httpstmemq_qu,"●وزير الخارجية الأمريكي: من مصلحتنا تخفيف العقوبات على سوريا ورفعها من قائمة الدول الداعمة للإرهاب إذا أوفت بالمعايير.
ــــــــــــــــــــــــــــ
https://t.me/MQ_QU",0.28052961826324463,negative
,Politics,telegram,MQ_QU,شخص يستقل سيارة يصور نساء يرتدين النقاب ويصفهم بداعش في ساحة الأمويين بالعاصمة دمشق ــــــــــــــــــــــــــــ httpstmemq_qu,"●شخص يستقل سيارة يصور نساء يرتدين النقاب ويصفهم بداعش في ساحة الأمويين بالعاصمة دمشق.
ــــــــــــــــــــــــــــ
https://t.me/MQ_QU",0.2197619080543518,negative
,Politics,telegram,MQ_QU,بيان توضيحي بشأن الحملة الإعلامية الأخيرة صادر عن الفرقة 62 الجيش الوطني السوري إن النشر المتداول اليوم حول مزاعم بارتكاب انتهاكات من قبل بعض فصائل الجيش الوطني السوري ليس إلا فبركة إعلامية جديدة صادرة عن وسائل إعلام تابعة لـقسد و لأطراف اخرى لا تريد الخير لسوريا و شعبها تستند إلى تقارير قديمة سبق أن اطلعنا عليها وفضحنا ما ورد فيها من مغالطات وفندناها بالأدلة والحقائق في حينه ويأتي هذا التكرار في سياق حملة ممنهجة تهدف إلى تشويه صورة الحكومة الانتقالية وعرقلة مشروع دمج فصائل الجيش الوطني ضمن وزارة الدفاع الجديدة في محاولة لإرباك مسار بناء مؤسسات الدولة وتعطيل جهود توحيد القرار العسكري تحت سلطة مدنية شرعية أما التقرير الذي أعادت قسد تسويقه اليوم والصادر سابقا عن منظمة هيومن رايتس ووتش فقد اعتمد على روايات مشبوهة ومصادر غير مستقلة بعضها يرتبط مباشرة بجهات معادية للمشروع الوطني السوري في تجاهل تام لمبادئ الحياد والموضوعية التي يفترض أن تحكم العمل الحقوقي لقد فندنا سابقا ما ورد في هذا التقرير من مغالطات وتشويهات متعمدة وأكدنا أنه يمثل نموذجا للتوظيف السياسي للعمل الحقوقي حيث تجاهلت المنظمة جرائم موثقة بالصوت والصورة ارتكبتها قسد بحق المدنيين مثل التهجير القسري والقصف العشوائي واستعراض جثث المقاتلين في الشوارع دون أن تحرك تلك المنظمات ساكنا إننا في الفرقة 62 وضمن إطار الحكومة السورية الانتقالية نؤكد التزامنا الكامل بمبادئ القانون وحقوق الإنسان ونتعامل بجدية مع أي ادعاءات موثقة وموضوعية من خلال مؤسسات قضائية مستقلة وفعالة لا تخضع لأي اعتبارات سياسية وندعو المنظمات الدولية وفي مقدمتها هيومن رايتس ووتش إلى 1 مراجعة منهجياتها وآليات التوثيق والتحقق من مصادرها 2 الانفتاح على التواصل المباشر مع الجهات الرسمية والشرعية في سوريا 3 النأي بنفسها عن الانخراط في حملات تستهدف وحدة سوريا ومؤسساتها الوطنية إننا نهيب بكافة الشركاء الدوليين إلى التمييز بين التقارير الحقوقية الجادة وبين المواد المفبركة التي تستخدم كأدوات لتصفية حسابات سياسية وندعوهم إلى دعم الجهود الوطنية لبناء جيش موحد ومؤسسات شرعية باعتبارها الضمانة الحقيقية لاستقرار سوريا ومستقبلها الفرقة 62 الجيش الوطني السوري العميد محمد الجاسم 18 أيار مايو 2025 ــــــــــــــــــــــــــــ httpstmemq_qu,"●بيان توضيحي بشأن الحملة الإعلامية الأخيرة
صادر عن الفرقة 62 – الجيش الوطني السوري

إن النشر المتداول اليوم حول مزاعم بارتكاب انتهاكات من قبل بعض فصائل الجيش الوطني السوري، ليس إلا فبركة إعلامية جديدة صادرة عن وسائل إعلام تابعة لـ”قسد”، و لأطراف اخرى لا تريد الخير لسوريا و شعبها ، تستند إلى تقارير قديمة سبق أن اطلعنا عليها وفضحنا ما ورد فيها من مغالطات، وفندناها بالأدلة والحقائق في حينه. ويأتي هذا التكرار في سياق حملة ممنهجة تهدف إلى تشويه صورة الحكومة الانتقالية وعرقلة مشروع دمج فصائل الجيش الوطني ضمن وزارة الدفاع الجديدة، في محاولة لإرباك مسار بناء مؤسسات الدولة وتعطيل جهود توحيد القرار العسكري تحت سلطة مدنية شرعية.

أما التقرير الذي أعادت “قسد” تسويقه اليوم، والصادر سابقًا عن منظمة “هيومن رايتس ووتش”، فقد اعتمد على روايات مشبوهة ومصادر غير مستقلة، بعضها يرتبط مباشرة بجهات معادية للمشروع الوطني السوري، في تجاهل تام لمبادئ الحياد والموضوعية التي يفترض أن تحكم العمل الحقوقي.

لقد فندنا سابقًا ما ورد في هذا التقرير من مغالطات وتشويهات متعمدة، وأكدنا أنه يمثل نموذجًا للتوظيف السياسي للعمل الحقوقي، حيث تجاهلت المنظمة جرائم موثقة بالصوت والصورة ارتكبتها “قسد” بحق المدنيين، مثل التهجير القسري، والقصف العشوائي، واستعراض جثث المقاتلين في الشوارع، دون أن تحرك تلك المنظمات ساكنًا.

إننا في الفرقة 62، وضمن إطار الحكومة السورية الانتقالية، نؤكد التزامنا الكامل بمبادئ القانون وحقوق الإنسان، ونتعامل بجدية مع أي ادعاءات موثقة وموضوعية، من خلال مؤسسات قضائية مستقلة وفعّالة، لا تخضع لأي اعتبارات سياسية.

وندعو المنظمات الدولية، وفي مقدمتها “هيومن رايتس ووتش”، إلى:
1. مراجعة منهجياتها وآليات التوثيق والتحقق من مصادرها.
2. الانفتاح على التواصل المباشر مع الجهات الرسمية والشرعية في سوريا.
3. النأي بنفسها عن الانخراط في حملات تستهدف وحدة سوريا ومؤسساتها الوطنية.

إننا نهيب بكافة الشركاء الدوليين إلى التمييز بين التقارير الحقوقية الجادة، وبين المواد المفبركة التي تُستخدم كأدوات لتصفية حسابات سياسية، وندعوهم إلى دعم الجهود الوطنية لبناء جيش موحد ومؤسسات شرعية، باعتبارها الضمانة الحقيقية لاستقرار سوريا ومستقبلها.

الفرقة 62 – الجيش الوطني السوري
العميد محمد الجاسم
18 أيار / مايو 2025
ــــــــــــــــــــــــــــ
https://t.me/MQ_QU",0.207913339138031,negative
,Politics,telegram,MQ_QU,اهم ما جاء في بيان صادر عن المرجعية الروحية العليا للطائفة العلوية العلامة الشيخ غزال غزال رئيس المجلس الإسلامي العلوي الأعلى في سوريا والمهجر ما زالت المطالب الأساسية تواجه بالتهميش والتجاهل ولم يفرج بعد عن آلاف المعتقلين المغيبين دون تهمة أو محاكمة ولم يكشف عن مصير المفقودين والمخطوفين عمليات القتل والتهجير والاعتقال غير المبرر مستمرة لم نكن يوما نطالب يوما بدولة دينية قائمة على أساس مذهبي أو طائفي بل كنا نأمل بقيام دولية مدنية أو علمانية تؤمن بفصل الدين عن السياسة على النقيض مما وصلنا إليه اليوم ما وصلنا إليه من مطالب باللامركزية السياسة الفيدرالية لم يعد مجرد رد دفاعي على هجومهم بل أصبح هدفا ملحا لحياة أفضل تقوم على التعاون بين مختلف أطياف الشعب ــــــــــــــــــــــــــــ httpstmemq_qu,"●اهم ما جاء في بيان صادر عن المرجعية الروحية العليا للطائفة العلوية العلامة الشيخ غزال غزال رئيس المجلس الإسلامي العلوي الأعلى في سوريا والمهجر:

ما زالت المطالب الأساسية تواجه بالتهميش والتجاهل، ولم يفرج بعد عن آلاف المعتقلين المغيبين دون تهمة أو محاكمة، ولم يكشف عن مصير المفقودين والمخطوفين.

عمليات القتل والتهجير والاعتقال غير المبرر مستمرة.

لم نكن يوماً نطالب يوماً بدولة دينية قائمة على أساس مذهبي أو طائفي بل كنا نأمل بقيام دولية مدنية أو علمانية تؤمن بفصل الدين عن السياسة، على النقيض مما وصلنا إليه اليوم.

ما وصلنا إليه من مطالب باللامركزية السياسة (الفيدرالية) لم يعد مجرد رد دفاعي على هجومهم، بل أصبح هدفاً ملحاً لحياة أفضل تقوم على التعاون بين مختلف أطياف الشعب.
ــــــــــــــــــــــــــــ
https://t.me/MQ_QU",0.20879799127578735,negative
,Politics,telegram,MQ_QU,المرصد السوري 9 قتلوا وقضوا واستشهدوا في ظروف مختلفة في 20 أيار ــــــــــــــــــــــــــــ httpstmemq_qu,"●المرصد السوري: 9 قُتلوا وقضوا واستُشهدوا في ظروف مختلفة في 20 أيار.
ــــــــــــــــــــــــــــ
https://t.me/MQ_QU",0.18238383531570435,negative
,Politics,telegram,MQ_QU,مجلس التعاون الخليجي يرحب بقرار الاتحاد الأوروبي رفع العقوبات الاقتصادية عن سوريا ــــــــــــــــــــــــــــ httpstmemq_qu,"●مجلس التعاون الخليجي يرحب بقرار الاتحاد الأوروبي رفع العقوبات الاقتصادية عن سوريا.
ــــــــــــــــــــــــــــ
https://t.me/MQ_QU",0.3446419835090637,negative
,Politics,telegram,MQ_QU,البحرين قرار رفع العقوبات خطوة إيجابية في مسيرة بناء الدولة السورية الحديثة ــــــــــــــــــــــــــــ httpstmemq_qu,"●البحرين: قرار رفع العقوبات خطوة إيجابية في مسيرة بناء الدولة السورية الحديثة
ــــــــــــــــــــــــــــ
https://t.me/MQ_QU",0.40855252742767334,negative
,Politics,telegram,MQ_QU,مصادر محلية ارتقاء طفل جراء انفجار مقذوف حربي من مخلفات النظام البائد في منطقة كباجب جنوبي دير الزور ــــــــــــــــــــــــــــ httpstmemq_qu,"●مصادر محلية: ارتقاء طفل جراء انفجار مقذوف حربي من مخلفات النظام البائد في منطقة كباجب جنوبي دير الزور.
ــــــــــــــــــــــــــــ
https://t.me/MQ_QU",0.28386813402175903,negative
,Politics,telegram,MQ_QU,كتيبة الهندسة في الفرقة 98 مدرعات التابعة لوزارة الدفاع تواصل عمليات إزالة الألغام ومخلفات الحرب في منطقة الحويز ومحيطها بريف حماة الغربي بهدف تأمين عودة آمنة للأهالي وحماية أرواحهم من خطر الذخائر غير المنفجرة ــــــــــــــــــــــــــــ httpstmemq_qu,"●كتيبة الهندسة في الفرقة 98 مدرعات التابعة لوزارة الدفاع، تواصل عمليات إزالة الألغام ومخلفات الحرب في منطقة الحويز ومحيطها بريف حماة الغربي، بهدف تأمين عودة آمنة للأهالي وحماية أرواحهم من خطر الذخائر غير المنفجرة.
ــــــــــــــــــــــــــــ
https://t.me/MQ_QU",0.2392680048942566,negative
,Politics,telegram,MQ_QU,كتيبة الهندسة في الفرقة 98 مدرعات التابعة لوزارة الدفاع تواصل عمليات إزالة الألغام ومخلفات الحرب في منطقة الحويز ومحيطها بريف حماة الغربي بهدف تأمين عودة آمنة للأهالي وحماية أرواحهم من خطر الذخائر غير المنفجرة ــــــــــــــــــــــــــــ httpstmemq_qu,"●كتيبة الهندسة في الفرقة 98 مدرعات التابعة لوزارة الدفاع، تواصل عمليات إزالة الألغام ومخلفات الحرب في منطقة الحويز ومحيطها بريف حماة الغربي، بهدف تأمين عودة آمنة للأهالي وحماية أرواحهم من خطر الذخائر غير المنفجرة.
ــــــــــــــــــــــــــــ
https://t.me/MQ_QU",0.2392680048942566,negative
,Politics,telegram,MQ_QU,قائد القوى الجوية في وزارة الدفاع العميد عاصم هواري برفقة رئيس أركان القوى الجوية العميد مصطفى بكور يجريان جولة تفقدية في مطار السين العسكري للاطلاع على جاهزيته الفنية وبنيته التحتية تمهيدا لإعادة تفعيله ووضعه في الخدمة وذلك بعد تعرضه لمحاولات تخريب متكررة بهدف تعطيله ــــــــــــــــــــــــــــ httpstmemq_qu,"●قائد القوى الجوية في وزارة الدفاع العميد عاصم هواري برفقة رئيس أركان القوى الجوية العميد مصطفى بكور يجريان جولة تفقدية في مطار السين العسكري للاطلاع على جاهزيته الفنية وبُنيته التحتية، تمهيداً لإعادة تفعيله ووضعه في الخدمة، وذلك بعد تعرضه لمحاولات تخريب متكررة بهدف تعطيله.
ــــــــــــــــــــــــــــ
https://t.me/MQ_QU",0.23542797565460205,negative
,Politics,telegram,MQ_QU,قائد القوى الجوية في وزارة الدفاع العميد عاصم هواري برفقة رئيس أركان القوى الجوية العميد مصطفى بكور يجريان جولة تفقدية في مطار السين العسكري للاطلاع على جاهزيته الفنية وبنيته التحتية تمهيدا لإعادة تفعيله ووضعه في الخدمة وذلك بعد تعرضه لمحاولات تخريب متكررة بهدف تعطيله ــــــــــــــــــــــــــــ httpstmemq_qu,"●قائد القوى الجوية في وزارة الدفاع العميد عاصم هواري برفقة رئيس أركان القوى الجوية العميد مصطفى بكور يجريان جولة تفقدية في مطار السين العسكري للاطلاع على جاهزيته الفنية وبُنيته التحتية، تمهيداً لإعادة تفعيله ووضعه في الخدمة، وذلك بعد تعرضه لمحاولات تخريب متكررة بهدف تعطيله.
ــــــــــــــــــــــــــــ
https://t.me/MQ_QU",0.23542797565460205,negative
,Politics,telegram,MQ_QU,وزير خارجية النرويج أرحب بقرار الاتحاد الأوروبي رفع العقوبات عن سوريا وهي خطوة طالما دعمتها النرويج يجب أن نتيح لحكومة الرئيس الشرع والشعب السوري فرصة إعادة بناء سوريا وتوحيدها ــــــــــــــــــــــــــــ httpstmemq_qu,"●وزير خارجية النرويج:

أرحب بقرار الاتحاد الأوروبي رفع العقوبات عن سوريا وهي خطوة طالما دعمتها النرويج.

يجب أن نتيح لحكومة الرئيس الشرع والشعب السوري فرصة إعادة بناء سوريا وتوحيدها.
ــــــــــــــــــــــــــــ
https://t.me/MQ_QU",0.24588090181350708,negative
,Politics,telegram,MQ_QU,قوات سوريا الديمقراطية نجحت قواتنا في إحباط هجومين لتنظيم داعش في ريفي دير الزور والحسكة وقع الهجوم الأول في بلدة مركدة جنوب الحسكة حيث اعترض حاجز أمني سيارة محملة بالأسلحة والذخيرة شنت خلية تابعة لداعش هجوما على الحاجز لكن قواتنا صدت الهجوم وقع الهجوم الثاني في بلدة سويدان بدير الزور حيث استهدفت خلية إرهابية إحدى دورياتنا الأمنية لم تسجل أي إصابات في صفوف قواتنا ــــــــــــــــــــــــــــ httpstmemq_qu,"●قوات سوريا الديمقراطية:

نجحت قواتنا في إحباط هجومين لتنظيم داعش في ريفي دير الزور والحسكة.

وقع الهجوم الأول في بلدة مركدة جنوب الحسكة، حيث اعترض حاجز أمني سيارة محملة بالأسلحة والذخيرة. شنت خلية تابعة لداعش هجومًا على الحاجز، لكن قواتنا صدت الهجوم.

وقع الهجوم الثاني في بلدة سويدان بدير الزور، حيث استهدفت خلية إرهابية إحدى دورياتنا الأمنية. لم تُسجل أي إصابات في صفوف قواتنا.
ــــــــــــــــــــــــــــ
https://t.me/MQ_QU",0.19299429655075073,negative
,Politics,telegram,MQ_QU,وزير الخارجية الأمريكي من مصلحتنا تخفيف العقوبات على سوريا ورفعها من قائمة الدول الداعمة للإرهاب إذا أوفت بالمعايير ــــــــــــــــــــــــــــ httpstmemq_qu,"●وزير الخارجية الأمريكي: من مصلحتنا تخفيف العقوبات على سوريا ورفعها من قائمة الدول الداعمة للإرهاب إذا أوفت بالمعايير.
ــــــــــــــــــــــــــــ
https://t.me/MQ_QU",0.28052961826324463,negative
,Politics,telegram,MQ_QU,شخص يستقل سيارة يصور نساء يرتدين النقاب ويصفهم بداعش في ساحة الأمويين بالعاصمة دمشق ــــــــــــــــــــــــــــ httpstmemq_qu,"●شخص يستقل سيارة يصور نساء يرتدين النقاب ويصفهم بداعش في ساحة الأمويين بالعاصمة دمشق.
ــــــــــــــــــــــــــــ
https://t.me/MQ_QU",0.2197619080543518,negative
,Politics,telegram,MQ_QU,بيان توضيحي بشأن الحملة الإعلامية الأخيرة صادر عن الفرقة 62 الجيش الوطني السوري إن النشر المتداول اليوم حول مزاعم بارتكاب انتهاكات من قبل بعض فصائل الجيش الوطني السوري ليس إلا فبركة إعلامية جديدة صادرة عن وسائل إعلام تابعة لـقسد و لأطراف اخرى لا تريد الخير لسوريا و شعبها تستند إلى تقارير قديمة سبق أن اطلعنا عليها وفضحنا ما ورد فيها من مغالطات وفندناها بالأدلة والحقائق في حينه ويأتي هذا التكرار في سياق حملة ممنهجة تهدف إلى تشويه صورة الحكومة الانتقالية وعرقلة مشروع دمج فصائل الجيش الوطني ضمن وزارة الدفاع الجديدة في محاولة لإرباك مسار بناء مؤسسات الدولة وتعطيل جهود توحيد القرار العسكري تحت سلطة مدنية شرعية أما التقرير الذي أعادت قسد تسويقه اليوم والصادر سابقا عن منظمة هيومن رايتس ووتش فقد اعتمد على روايات مشبوهة ومصادر غير مستقلة بعضها يرتبط مباشرة بجهات معادية للمشروع الوطني السوري في تجاهل تام لمبادئ الحياد والموضوعية التي يفترض أن تحكم العمل الحقوقي لقد فندنا سابقا ما ورد في هذا التقرير من مغالطات وتشويهات متعمدة وأكدنا أنه يمثل نموذجا للتوظيف السياسي للعمل الحقوقي حيث تجاهلت المنظمة جرائم موثقة بالصوت والصورة ارتكبتها قسد بحق المدنيين مثل التهجير القسري والقصف العشوائي واستعراض جثث المقاتلين في الشوارع دون أن تحرك تلك المنظمات ساكنا إننا في الفرقة 62 وضمن إطار الحكومة السورية الانتقالية نؤكد التزامنا الكامل بمبادئ القانون وحقوق الإنسان ونتعامل بجدية مع أي ادعاءات موثقة وموضوعية من خلال مؤسسات قضائية مستقلة وفعالة لا تخضع لأي اعتبارات سياسية وندعو المنظمات الدولية وفي مقدمتها هيومن رايتس ووتش إلى 1 مراجعة منهجياتها وآليات التوثيق والتحقق من مصادرها 2 الانفتاح على التواصل المباشر مع الجهات الرسمية والشرعية في سوريا 3 النأي بنفسها عن الانخراط في حملات تستهدف وحدة سوريا ومؤسساتها الوطنية إننا نهيب بكافة الشركاء الدوليين إلى التمييز بين التقارير الحقوقية الجادة وبين المواد المفبركة التي تستخدم كأدوات لتصفية حسابات سياسية وندعوهم إلى دعم الجهود الوطنية لبناء جيش موحد ومؤسسات شرعية باعتبارها الضمانة الحقيقية لاستقرار سوريا ومستقبلها الفرقة 62 الجيش الوطني السوري العميد محمد الجاسم 18 أيار مايو 2025 ــــــــــــــــــــــــــــ httpstmemq_qu,"●بيان توضيحي بشأن الحملة الإعلامية الأخيرة
صادر عن الفرقة 62 – الجيش الوطني السوري

إن النشر المتداول اليوم حول مزاعم بارتكاب انتهاكات من قبل بعض فصائل الجيش الوطني السوري، ليس إلا فبركة إعلامية جديدة صادرة عن وسائل إعلام تابعة لـ”قسد”، و لأطراف اخرى لا تريد الخير لسوريا و شعبها ، تستند إلى تقارير قديمة سبق أن اطلعنا عليها وفضحنا ما ورد فيها من مغالطات، وفندناها بالأدلة والحقائق في حينه. ويأتي هذا التكرار في سياق حملة ممنهجة تهدف إلى تشويه صورة الحكومة الانتقالية وعرقلة مشروع دمج فصائل الجيش الوطني ضمن وزارة الدفاع الجديدة، في محاولة لإرباك مسار بناء مؤسسات الدولة وتعطيل جهود توحيد القرار العسكري تحت سلطة مدنية شرعية.

أما التقرير الذي أعادت “قسد” تسويقه اليوم، والصادر سابقًا عن منظمة “هيومن رايتس ووتش”، فقد اعتمد على روايات مشبوهة ومصادر غير مستقلة، بعضها يرتبط مباشرة بجهات معادية للمشروع الوطني السوري، في تجاهل تام لمبادئ الحياد والموضوعية التي يفترض أن تحكم العمل الحقوقي.

لقد فندنا سابقًا ما ورد في هذا التقرير من مغالطات وتشويهات متعمدة، وأكدنا أنه يمثل نموذجًا للتوظيف السياسي للعمل الحقوقي، حيث تجاهلت المنظمة جرائم موثقة بالصوت والصورة ارتكبتها “قسد” بحق المدنيين، مثل التهجير القسري، والقصف العشوائي، واستعراض جثث المقاتلين في الشوارع، دون أن تحرك تلك المنظمات ساكنًا.

إننا في الفرقة 62، وضمن إطار الحكومة السورية الانتقالية، نؤكد التزامنا الكامل بمبادئ القانون وحقوق الإنسان، ونتعامل بجدية مع أي ادعاءات موثقة وموضوعية، من خلال مؤسسات قضائية مستقلة وفعّالة، لا تخضع لأي اعتبارات سياسية.

وندعو المنظمات الدولية، وفي مقدمتها “هيومن رايتس ووتش”، إلى:
1. مراجعة منهجياتها وآليات التوثيق والتحقق من مصادرها.
2. الانفتاح على التواصل المباشر مع الجهات الرسمية والشرعية في سوريا.
3. النأي بنفسها عن الانخراط في حملات تستهدف وحدة سوريا ومؤسساتها الوطنية.

إننا نهيب بكافة الشركاء الدوليين إلى التمييز بين التقارير الحقوقية الجادة، وبين المواد المفبركة التي تُستخدم كأدوات لتصفية حسابات سياسية، وندعوهم إلى دعم الجهود الوطنية لبناء جيش موحد ومؤسسات شرعية، باعتبارها الضمانة الحقيقية لاستقرار سوريا ومستقبلها.

الفرقة 62 – الجيش الوطني السوري
العميد محمد الجاسم
18 أيار / مايو 2025
ــــــــــــــــــــــــــــ
https://t.me/MQ_QU",0.207913339138031,negative
,Politics,telegram,MQ_QU,اهم ما جاء في بيان صادر عن المرجعية الروحية العليا للطائفة العلوية العلامة الشيخ غزال غزال رئيس المجلس الإسلامي العلوي الأعلى في سوريا والمهجر ما زالت المطالب الأساسية تواجه بالتهميش والتجاهل ولم يفرج بعد عن آلاف المعتقلين المغيبين دون تهمة أو محاكمة ولم يكشف عن مصير المفقودين والمخطوفين عمليات القتل والتهجير والاعتقال غير المبرر مستمرة لم نكن يوما نطالب يوما بدولة دينية قائمة على أساس مذهبي أو طائفي بل كنا نأمل بقيام دولية مدنية أو علمانية تؤمن بفصل الدين عن السياسة على النقيض مما وصلنا إليه اليوم ما وصلنا إليه من مطالب باللامركزية السياسة الفيدرالية لم يعد مجرد رد دفاعي على هجومهم بل أصبح هدفا ملحا لحياة أفضل تقوم على التعاون بين مختلف أطياف الشعب ــــــــــــــــــــــــــــ httpstmemq_qu,"●اهم ما جاء في بيان صادر عن المرجعية الروحية العليا للطائفة العلوية العلامة الشيخ غزال غزال رئيس المجلس الإسلامي العلوي الأعلى في سوريا والمهجر:

ما زالت المطالب الأساسية تواجه بالتهميش والتجاهل، ولم يفرج بعد عن آلاف المعتقلين المغيبين دون تهمة أو محاكمة، ولم يكشف عن مصير المفقودين والمخطوفين.

عمليات القتل والتهجير والاعتقال غير المبرر مستمرة.

لم نكن يوماً نطالب يوماً بدولة دينية قائمة على أساس مذهبي أو طائفي بل كنا نأمل بقيام دولية مدنية أو علمانية تؤمن بفصل الدين عن السياسة، على النقيض مما وصلنا إليه اليوم.

ما وصلنا إليه من مطالب باللامركزية السياسة (الفيدرالية) لم يعد مجرد رد دفاعي على هجومهم، بل أصبح هدفاً ملحاً لحياة أفضل تقوم على التعاون بين مختلف أطياف الشعب.
ــــــــــــــــــــــــــــ
https://t.me/MQ_QU",0.20879799127578735,negative
,Politics,telegram,MQ_QU,المرصد السوري 9 قتلوا وقضوا واستشهدوا في ظروف مختلفة في 20 أيار ــــــــــــــــــــــــــــ httpstmemq_qu,"●المرصد السوري: 9 قُتلوا وقضوا واستُشهدوا في ظروف مختلفة في 20 أيار.
ــــــــــــــــــــــــــــ
https://t.me/MQ_QU",0.18238383531570435,negative
,Politics,telegram,MQ_QU,مجلس التعاون الخليجي يرحب بقرار الاتحاد الأوروبي رفع العقوبات الاقتصادية عن سوريا ــــــــــــــــــــــــــــ httpstmemq_qu,"●مجلس التعاون الخليجي يرحب بقرار الاتحاد الأوروبي رفع العقوبات الاقتصادية عن سوريا.
ــــــــــــــــــــــــــــ
https://t.me/MQ_QU",0.3446419835090637,negative
,Politics,telegram,MQ_QU,البحرين قرار رفع العقوبات خطوة إيجابية في مسيرة بناء الدولة السورية الحديثة ــــــــــــــــــــــــــــ httpstmemq_qu,"●البحرين: قرار رفع العقوبات خطوة إيجابية في مسيرة بناء الدولة السورية الحديثة
ــــــــــــــــــــــــــــ
https://t.me/MQ_QU",0.40855252742767334,negative
,Politics,telegram,MQ_QU,مصادر محلية ارتقاء طفل جراء انفجار مقذوف حربي من مخلفات النظام البائد في منطقة كباجب جنوبي دير الزور ــــــــــــــــــــــــــــ httpstmemq_qu,"●مصادر محلية: ارتقاء طفل جراء انفجار مقذوف حربي من مخلفات النظام البائد في منطقة كباجب جنوبي دير الزور.
ــــــــــــــــــــــــــــ
https://t.me/MQ_QU",0.28386813402175903,negative
,Politics,telegram,MQ_QU,كتيبة الهندسة في الفرقة 98 مدرعات التابعة لوزارة الدفاع تواصل عمليات إزالة الألغام ومخلفات الحرب في منطقة الحويز ومحيطها بريف حماة الغربي بهدف تأمين عودة آمنة للأهالي وحماية أرواحهم من خطر الذخائر غير المنفجرة ــــــــــــــــــــــــــــ httpstmemq_qu,"●كتيبة الهندسة في الفرقة 98 مدرعات التابعة لوزارة الدفاع، تواصل عمليات إزالة الألغام ومخلفات الحرب في منطقة الحويز ومحيطها بريف حماة الغربي، بهدف تأمين عودة آمنة للأهالي وحماية أرواحهم من خطر الذخائر غير المنفجرة.
ــــــــــــــــــــــــــــ
https://t.me/MQ_QU",0.2392680048942566,negative
,Politics,telegram,MQ_QU,كتيبة الهندسة في الفرقة 98 مدرعات التابعة لوزارة الدفاع تواصل عمليات إزالة الألغام ومخلفات الحرب في منطقة الحويز ومحيطها بريف حماة الغربي بهدف تأمين عودة آمنة للأهالي وحماية أرواحهم من خطر الذخائر غير المنفجرة ــــــــــــــــــــــــــــ httpstmemq_qu,"●كتيبة الهندسة في الفرقة 98 مدرعات التابعة لوزارة الدفاع، تواصل عمليات إزالة الألغام ومخلفات الحرب في منطقة الحويز ومحيطها بريف حماة الغربي، بهدف تأمين عودة آمنة للأهالي وحماية أرواحهم من خطر الذخائر غير المنفجرة.
ــــــــــــــــــــــــــــ
https://t.me/MQ_QU",0.2392680048942566,negative
,Politics,telegram,MQ_QU,قائد القوى الجوية في وزارة الدفاع العميد عاصم هواري برفقة رئيس أركان القوى الجوية العميد مصطفى بكور يجريان جولة تفقدية في مطار السين العسكري للاطلاع على جاهزيته الفنية وبنيته التحتية تمهيدا لإعادة تفعيله ووضعه في الخدمة وذلك بعد تعرضه لمحاولات تخريب متكررة بهدف تعطيله ــــــــــــــــــــــــــــ httpstmemq_qu,"●قائد القوى الجوية في وزارة الدفاع العميد عاصم هواري برفقة رئيس أركان القوى الجوية العميد مصطفى بكور يجريان جولة تفقدية في مطار السين العسكري للاطلاع على جاهزيته الفنية وبُنيته التحتية، تمهيداً لإعادة تفعيله ووضعه في الخدمة، وذلك بعد تعرضه لمحاولات تخريب متكررة بهدف تعطيله.
ــــــــــــــــــــــــــــ
https://t.me/MQ_QU",0.23542797565460205,negative
,Politics,telegram,MQ_QU,قائد القوى الجوية في وزارة الدفاع العميد عاصم هواري برفقة رئيس أركان القوى الجوية العميد مصطفى بكور يجريان جولة تفقدية في مطار السين العسكري للاطلاع على جاهزيته الفنية وبنيته التحتية تمهيدا لإعادة تفعيله ووضعه في الخدمة وذلك بعد تعرضه لمحاولات تخريب متكررة بهدف تعطيله ــــــــــــــــــــــــــــ httpstmemq_qu,"●قائد القوى الجوية في وزارة الدفاع العميد عاصم هواري برفقة رئيس أركان القوى الجوية العميد مصطفى بكور يجريان جولة تفقدية في مطار السين العسكري للاطلاع على جاهزيته الفنية وبُنيته التحتية، تمهيداً لإعادة تفعيله ووضعه في الخدمة، وذلك بعد تعرضه لمحاولات تخريب متكررة بهدف تعطيله.
ــــــــــــــــــــــــــــ
https://t.me/MQ_QU",0.23542797565460205,negative
,Politics,telegram,MQ_QU,وزير خارجية النرويج أرحب بقرار الاتحاد الأوروبي رفع العقوبات عن سوريا وهي خطوة طالما دعمتها النرويج يجب أن نتيح لحكومة الرئيس الشرع والشعب السوري فرصة إعادة بناء سوريا وتوحيدها ــــــــــــــــــــــــــــ httpstmemq_qu,"●وزير خارجية النرويج:

أرحب بقرار الاتحاد الأوروبي رفع العقوبات عن سوريا وهي خطوة طالما دعمتها النرويج.

يجب أن نتيح لحكومة الرئيس الشرع والشعب السوري فرصة إعادة بناء سوريا وتوحيدها.
ــــــــــــــــــــــــــــ
https://t.me/MQ_QU",0.24588090181350708,negative
,Politics,telegram,MQ_QU,قوات سوريا الديمقراطية نجحت قواتنا في إحباط هجومين لتنظيم داعش في ريفي دير الزور والحسكة وقع الهجوم الأول في بلدة مركدة جنوب الحسكة حيث اعترض حاجز أمني سيارة محملة بالأسلحة والذخيرة شنت خلية تابعة لداعش هجوما على الحاجز لكن قواتنا صدت الهجوم وقع الهجوم الثاني في بلدة سويدان بدير الزور حيث استهدفت خلية إرهابية إحدى دورياتنا الأمنية لم تسجل أي إصابات في صفوف قواتنا ــــــــــــــــــــــــــــ httpstmemq_qu,"●قوات سوريا الديمقراطية:

نجحت قواتنا في إحباط هجومين لتنظيم داعش في ريفي دير الزور والحسكة.

وقع الهجوم الأول في بلدة مركدة جنوب الحسكة، حيث اعترض حاجز أمني سيارة محملة بالأسلحة والذخيرة. شنت خلية تابعة لداعش هجومًا على الحاجز، لكن قواتنا صدت الهجوم.

وقع الهجوم الثاني في بلدة سويدان بدير الزور، حيث استهدفت خلية إرهابية إحدى دورياتنا الأمنية. لم تُسجل أي إصابات في صفوف قواتنا.
ــــــــــــــــــــــــــــ
https://t.me/MQ_QU",0.19299429655075073,negative
,Politics,telegram,MQ_QU,وزير الخارجية الأمريكي من مصلحتنا تخفيف العقوبات على سوريا ورفعها من قائمة الدول الداعمة للإرهاب إذا أوفت بالمعايير ــــــــــــــــــــــــــــ httpstmemq_qu,"●وزير الخارجية الأمريكي: من مصلحتنا تخفيف العقوبات على سوريا ورفعها من قائمة الدول الداعمة للإرهاب إذا أوفت بالمعايير.
ــــــــــــــــــــــــــــ
https://t.me/MQ_QU",0.28052961826324463,negative
,Politics,telegram,MQ_QU,شخص يستقل سيارة يصور نساء يرتدين النقاب ويصفهم بداعش في ساحة الأمويين بالعاصمة دمشق ــــــــــــــــــــــــــــ httpstmemq_qu,"●شخص يستقل سيارة يصور نساء يرتدين النقاب ويصفهم بداعش في ساحة الأمويين بالعاصمة دمشق.
ــــــــــــــــــــــــــــ
https://t.me/MQ_QU",0.2197619080543518,negative
,Politics,telegram,MQ_QU,بيان توضيحي بشأن الحملة الإعلامية الأخيرة صادر عن الفرقة 62 الجيش الوطني السوري إن النشر المتداول اليوم حول مزاعم بارتكاب انتهاكات من قبل بعض فصائل الجيش الوطني السوري ليس إلا فبركة إعلامية جديدة صادرة عن وسائل إعلام تابعة لـقسد و لأطراف اخرى لا تريد الخير لسوريا و شعبها تستند إلى تقارير قديمة سبق أن اطلعنا عليها وفضحنا ما ورد فيها من مغالطات وفندناها بالأدلة والحقائق في حينه ويأتي هذا التكرار في سياق حملة ممنهجة تهدف إلى تشويه صورة الحكومة الانتقالية وعرقلة مشروع دمج فصائل الجيش الوطني ضمن وزارة الدفاع الجديدة في محاولة لإرباك مسار بناء مؤسسات الدولة وتعطيل جهود توحيد القرار العسكري تحت سلطة مدنية شرعية أما التقرير الذي أعادت قسد تسويقه اليوم والصادر سابقا عن منظمة هيومن رايتس ووتش فقد اعتمد على روايات مشبوهة ومصادر غير مستقلة بعضها يرتبط مباشرة بجهات معادية للمشروع الوطني السوري في تجاهل تام لمبادئ الحياد والموضوعية التي يفترض أن تحكم العمل الحقوقي لقد فندنا سابقا ما ورد في هذا التقرير من مغالطات وتشويهات متعمدة وأكدنا أنه يمثل نموذجا للتوظيف السياسي للعمل الحقوقي حيث تجاهلت المنظمة جرائم موثقة بالصوت والصورة ارتكبتها قسد بحق المدنيين مثل التهجير القسري والقصف العشوائي واستعراض جثث المقاتلين في الشوارع دون أن تحرك تلك المنظمات ساكنا إننا في الفرقة 62 وضمن إطار الحكومة السورية الانتقالية نؤكد التزامنا الكامل بمبادئ القانون وحقوق الإنسان ونتعامل بجدية مع أي ادعاءات موثقة وموضوعية من خلال مؤسسات قضائية مستقلة وفعالة لا تخضع لأي اعتبارات سياسية وندعو المنظمات الدولية وفي مقدمتها هيومن رايتس ووتش إلى 1 مراجعة منهجياتها وآليات التوثيق والتحقق من مصادرها 2 الانفتاح على التواصل المباشر مع الجهات الرسمية والشرعية في سوريا 3 النأي بنفسها عن الانخراط في حملات تستهدف وحدة سوريا ومؤسساتها الوطنية إننا نهيب بكافة الشركاء الدوليين إلى التمييز بين التقارير الحقوقية الجادة وبين المواد المفبركة التي تستخدم كأدوات لتصفية حسابات سياسية وندعوهم إلى دعم الجهود الوطنية لبناء جيش موحد ومؤسسات شرعية باعتبارها الضمانة الحقيقية لاستقرار سوريا ومستقبلها الفرقة 62 الجيش الوطني السوري العميد محمد الجاسم 18 أيار مايو 2025 ــــــــــــــــــــــــــــ httpstmemq_qu,"●بيان توضيحي بشأن الحملة الإعلامية الأخيرة
صادر عن الفرقة 62 – الجيش الوطني السوري

إن النشر المتداول اليوم حول مزاعم بارتكاب انتهاكات من قبل بعض فصائل الجيش الوطني السوري، ليس إلا فبركة إعلامية جديدة صادرة عن وسائل إعلام تابعة لـ”قسد”، و لأطراف اخرى لا تريد الخير لسوريا و شعبها ، تستند إلى تقارير قديمة سبق أن اطلعنا عليها وفضحنا ما ورد فيها من مغالطات، وفندناها بالأدلة والحقائق في حينه. ويأتي هذا التكرار في سياق حملة ممنهجة تهدف إلى تشويه صورة الحكومة الانتقالية وعرقلة مشروع دمج فصائل الجيش الوطني ضمن وزارة الدفاع الجديدة، في محاولة لإرباك مسار بناء مؤسسات الدولة وتعطيل جهود توحيد القرار العسكري تحت سلطة مدنية شرعية.

أما التقرير الذي أعادت “قسد” تسويقه اليوم، والصادر سابقًا عن منظمة “هيومن رايتس ووتش”، فقد اعتمد على روايات مشبوهة ومصادر غير مستقلة، بعضها يرتبط مباشرة بجهات معادية للمشروع الوطني السوري، في تجاهل تام لمبادئ الحياد والموضوعية التي يفترض أن تحكم العمل الحقوقي.

لقد فندنا سابقًا ما ورد في هذا التقرير من مغالطات وتشويهات متعمدة، وأكدنا أنه يمثل نموذجًا للتوظيف السياسي للعمل الحقوقي، حيث تجاهلت المنظمة جرائم موثقة بالصوت والصورة ارتكبتها “قسد” بحق المدنيين، مثل التهجير القسري، والقصف العشوائي، واستعراض جثث المقاتلين في الشوارع، دون أن تحرك تلك المنظمات ساكنًا.

إننا في الفرقة 62، وضمن إطار الحكومة السورية الانتقالية، نؤكد التزامنا الكامل بمبادئ القانون وحقوق الإنسان، ونتعامل بجدية مع أي ادعاءات موثقة وموضوعية، من خلال مؤسسات قضائية مستقلة وفعّالة، لا تخضع لأي اعتبارات سياسية.

وندعو المنظمات الدولية، وفي مقدمتها “هيومن رايتس ووتش”، إلى:
1. مراجعة منهجياتها وآليات التوثيق والتحقق من مصادرها.
2. الانفتاح على التواصل المباشر مع الجهات الرسمية والشرعية في سوريا.
3. النأي بنفسها عن الانخراط في حملات تستهدف وحدة سوريا ومؤسساتها الوطنية.

إننا نهيب بكافة الشركاء الدوليين إلى التمييز بين التقارير الحقوقية الجادة، وبين المواد المفبركة التي تُستخدم كأدوات لتصفية حسابات سياسية، وندعوهم إلى دعم الجهود الوطنية لبناء جيش موحد ومؤسسات شرعية، باعتبارها الضمانة الحقيقية لاستقرار سوريا ومستقبلها.

الفرقة 62 – الجيش الوطني السوري
العميد محمد الجاسم
18 أيار / مايو 2025
ــــــــــــــــــــــــــــ
https://t.me/MQ_QU",0.207913339138031,negative
,Politics,telegram,MQ_QU,اهم ما جاء في بيان صادر عن المرجعية الروحية العليا للطائفة العلوية العلامة الشيخ غزال غزال رئيس المجلس الإسلامي العلوي الأعلى في سوريا والمهجر ما زالت المطالب الأساسية تواجه بالتهميش والتجاهل ولم يفرج بعد عن آلاف المعتقلين المغيبين دون تهمة أو محاكمة ولم يكشف عن مصير المفقودين والمخطوفين عمليات القتل والتهجير والاعتقال غير المبرر مستمرة لم نكن يوما نطالب يوما بدولة دينية قائمة على أساس مذهبي أو طائفي بل كنا نأمل بقيام دولية مدنية أو علمانية تؤمن بفصل الدين عن السياسة على النقيض مما وصلنا إليه اليوم ما وصلنا إليه من مطالب باللامركزية السياسة الفيدرالية لم يعد مجرد رد دفاعي على هجومهم بل أصبح هدفا ملحا لحياة أفضل تقوم على التعاون بين مختلف أطياف الشعب ــــــــــــــــــــــــــــ httpstmemq_qu,"●اهم ما جاء في بيان صادر عن المرجعية الروحية العليا للطائفة العلوية العلامة الشيخ غزال غزال رئيس المجلس الإسلامي العلوي الأعلى في سوريا والمهجر:

ما زالت المطالب الأساسية تواجه بالتهميش والتجاهل، ولم يفرج بعد عن آلاف المعتقلين المغيبين دون تهمة أو محاكمة، ولم يكشف عن مصير المفقودين والمخطوفين.

عمليات القتل والتهجير والاعتقال غير المبرر مستمرة.

لم نكن يوماً نطالب يوماً بدولة دينية قائمة على أساس مذهبي أو طائفي بل كنا نأمل بقيام دولية مدنية أو علمانية تؤمن بفصل الدين عن السياسة، على النقيض مما وصلنا إليه اليوم.

ما وصلنا إليه من مطالب باللامركزية السياسة (الفيدرالية) لم يعد مجرد رد دفاعي على هجومهم، بل أصبح هدفاً ملحاً لحياة أفضل تقوم على التعاون بين مختلف أطياف الشعب.
ــــــــــــــــــــــــــــ
https://t.me/MQ_QU",0.20879799127578735,negative
,Politics,telegram,MQ_QU,المرصد السوري 9 قتلوا وقضوا واستشهدوا في ظروف مختلفة في 20 أيار ــــــــــــــــــــــــــــ httpstmemq_qu,"●المرصد السوري: 9 قُتلوا وقضوا واستُشهدوا في ظروف مختلفة في 20 أيار.
ــــــــــــــــــــــــــــ
https://t.me/MQ_QU",0.18238383531570435,negative
,Politics,telegram,MQ_QU,مجلس التعاون الخليجي يرحب بقرار الاتحاد الأوروبي رفع العقوبات الاقتصادية عن سوريا ــــــــــــــــــــــــــــ httpstmemq_qu,"●مجلس التعاون الخليجي يرحب بقرار الاتحاد الأوروبي رفع العقوبات الاقتصادية عن سوريا.
ــــــــــــــــــــــــــــ
https://t.me/MQ_QU",0.3446419835090637,negative
,Politics,telegram,MQ_QU,البحرين قرار رفع العقوبات خطوة إيجابية في مسيرة بناء الدولة السورية الحديثة ــــــــــــــــــــــــــــ httpstmemq_qu,"●البحرين: قرار رفع العقوبات خطوة إيجابية في مسيرة بناء الدولة السورية الحديثة
ــــــــــــــــــــــــــــ
https://t.me/MQ_QU",0.40855252742767334,negative
,Politics,telegram,MQ_QU,مصادر محلية ارتقاء طفل جراء انفجار مقذوف حربي من مخلفات النظام البائد في منطقة كباجب جنوبي دير الزور ــــــــــــــــــــــــــــ httpstmemq_qu,"●مصادر محلية: ارتقاء طفل جراء انفجار مقذوف حربي من مخلفات النظام البائد في منطقة كباجب جنوبي دير الزور.
ــــــــــــــــــــــــــــ
https://t.me/MQ_QU",0.28386813402175903,negative
,Politics,telegram,MQ_QU,كتيبة الهندسة في الفرقة 98 مدرعات التابعة لوزارة الدفاع تواصل عمليات إزالة الألغام ومخلفات الحرب في منطقة الحويز ومحيطها بريف حماة الغربي بهدف تأمين عودة آمنة للأهالي وحماية أرواحهم من خطر الذخائر غير المنفجرة ــــــــــــــــــــــــــــ httpstmemq_qu,"●كتيبة الهندسة في الفرقة 98 مدرعات التابعة لوزارة الدفاع، تواصل عمليات إزالة الألغام ومخلفات الحرب في منطقة الحويز ومحيطها بريف حماة الغربي، بهدف تأمين عودة آمنة للأهالي وحماية أرواحهم من خطر الذخائر غير المنفجرة.
ــــــــــــــــــــــــــــ
https://t.me/MQ_QU",0.2392680048942566,negative
,Politics,telegram,MQ_QU,كتيبة الهندسة في الفرقة 98 مدرعات التابعة لوزارة الدفاع تواصل عمليات إزالة الألغام ومخلفات الحرب في منطقة الحويز ومحيطها بريف حماة الغربي بهدف تأمين عودة آمنة للأهالي وحماية أرواحهم من خطر الذخائر غير المنفجرة ــــــــــــــــــــــــــــ httpstmemq_qu,"●كتيبة الهندسة في الفرقة 98 مدرعات التابعة لوزارة الدفاع، تواصل عمليات إزالة الألغام ومخلفات الحرب في منطقة الحويز ومحيطها بريف حماة الغربي، بهدف تأمين عودة آمنة للأهالي وحماية أرواحهم من خطر الذخائر غير المنفجرة.
ــــــــــــــــــــــــــــ
https://t.me/MQ_QU",0.2392680048942566,negative
,Politics,telegram,MQ_QU,قائد القوى الجوية في وزارة الدفاع العميد عاصم هواري برفقة رئيس أركان القوى الجوية العميد مصطفى بكور يجريان جولة تفقدية في مطار السين العسكري للاطلاع على جاهزيته الفنية وبنيته التحتية تمهيدا لإعادة تفعيله ووضعه في الخدمة وذلك بعد تعرضه لمحاولات تخريب متكررة بهدف تعطيله ــــــــــــــــــــــــــــ httpstmemq_qu,"●قائد القوى الجوية في وزارة الدفاع العميد عاصم هواري برفقة رئيس أركان القوى الجوية العميد مصطفى بكور يجريان جولة تفقدية في مطار السين العسكري للاطلاع على جاهزيته الفنية وبُنيته التحتية، تمهيداً لإعادة تفعيله ووضعه في الخدمة، وذلك بعد تعرضه لمحاولات تخريب متكررة بهدف تعطيله.
ــــــــــــــــــــــــــــ
https://t.me/MQ_QU",0.23542797565460205,negative
,Politics,telegram,MQ_QU,قائد القوى الجوية في وزارة الدفاع العميد عاصم هواري برفقة رئيس أركان القوى الجوية العميد مصطفى بكور يجريان جولة تفقدية في مطار السين العسكري للاطلاع على جاهزيته الفنية وبنيته التحتية تمهيدا لإعادة تفعيله ووضعه في الخدمة وذلك بعد تعرضه لمحاولات تخريب متكررة بهدف تعطيله ــــــــــــــــــــــــــــ httpstmemq_qu,"●قائد القوى الجوية في وزارة الدفاع العميد عاصم هواري برفقة رئيس أركان القوى الجوية العميد مصطفى بكور يجريان جولة تفقدية في مطار السين العسكري للاطلاع على جاهزيته الفنية وبُنيته التحتية، تمهيداً لإعادة تفعيله ووضعه في الخدمة، وذلك بعد تعرضه لمحاولات تخريب متكررة بهدف تعطيله.
ــــــــــــــــــــــــــــ
https://t.me/MQ_QU",0.23542797565460205,negative
,Politics,telegram,MQ_QU,وزير خارجية النرويج أرحب بقرار الاتحاد الأوروبي رفع العقوبات عن سوريا وهي خطوة طالما دعمتها النرويج يجب أن نتيح لحكومة الرئيس الشرع والشعب السوري فرصة إعادة بناء سوريا وتوحيدها ــــــــــــــــــــــــــــ httpstmemq_qu,"●وزير خارجية النرويج:

أرحب بقرار الاتحاد الأوروبي رفع العقوبات عن سوريا وهي خطوة طالما دعمتها النرويج.

يجب أن نتيح لحكومة الرئيس الشرع والشعب السوري فرصة إعادة بناء سوريا وتوحيدها.
ــــــــــــــــــــــــــــ
https://t.me/MQ_QU",0.24588090181350708,negative
,Politics,telegram,MQ_QU,قوات سوريا الديمقراطية نجحت قواتنا في إحباط هجومين لتنظيم داعش في ريفي دير الزور والحسكة وقع الهجوم الأول في بلدة مركدة جنوب الحسكة حيث اعترض حاجز أمني سيارة محملة بالأسلحة والذخيرة شنت خلية تابعة لداعش هجوما على الحاجز لكن قواتنا صدت الهجوم وقع الهجوم الثاني في بلدة سويدان بدير الزور حيث استهدفت خلية إرهابية إحدى دورياتنا الأمنية لم تسجل أي إصابات في صفوف قواتنا ــــــــــــــــــــــــــــ httpstmemq_qu,"●قوات سوريا الديمقراطية:

نجحت قواتنا في إحباط هجومين لتنظيم داعش في ريفي دير الزور والحسكة.

وقع الهجوم الأول في بلدة مركدة جنوب الحسكة، حيث اعترض حاجز أمني سيارة محملة بالأسلحة والذخيرة. شنت خلية تابعة لداعش هجومًا على الحاجز، لكن قواتنا صدت الهجوم.

وقع الهجوم الثاني في بلدة سويدان بدير الزور، حيث استهدفت خلية إرهابية إحدى دورياتنا الأمنية. لم تُسجل أي إصابات في صفوف قواتنا.
ــــــــــــــــــــــــــــ
https://t.me/MQ_QU",0.19299429655075073,negative
,Politics,telegram,MQ_QU,وزير الخارجية الأمريكي من مصلحتنا تخفيف العقوبات على سوريا ورفعها من قائمة الدول الداعمة للإرهاب إذا أوفت بالمعايير ــــــــــــــــــــــــــــ httpstmemq_qu,"●وزير الخارجية الأمريكي: من مصلحتنا تخفيف العقوبات على سوريا ورفعها من قائمة الدول الداعمة للإرهاب إذا أوفت بالمعايير.
ــــــــــــــــــــــــــــ
https://t.me/MQ_QU",0.28052961826324463,negative
,Politics,telegram,MQ_QU,شخص يستقل سيارة يصور نساء يرتدين النقاب ويصفهم بداعش في ساحة الأمويين بالعاصمة دمشق ــــــــــــــــــــــــــــ httpstmemq_qu,"●شخص يستقل سيارة يصور نساء يرتدين النقاب ويصفهم بداعش في ساحة الأمويين بالعاصمة دمشق.
ــــــــــــــــــــــــــــ
https://t.me/MQ_QU",0.2197619080543518,negative
,Politics,telegram,MQ_QU,بيان توضيحي بشأن الحملة الإعلامية الأخيرة صادر عن الفرقة 62 الجيش الوطني السوري إن النشر المتداول اليوم حول مزاعم بارتكاب انتهاكات من قبل بعض فصائل الجيش الوطني السوري ليس إلا فبركة إعلامية جديدة صادرة عن وسائل إعلام تابعة لـقسد و لأطراف اخرى لا تريد الخير لسوريا و شعبها تستند إلى تقارير قديمة سبق أن اطلعنا عليها وفضحنا ما ورد فيها من مغالطات وفندناها بالأدلة والحقائق في حينه ويأتي هذا التكرار في سياق حملة ممنهجة تهدف إلى تشويه صورة الحكومة الانتقالية وعرقلة مشروع دمج فصائل الجيش الوطني ضمن وزارة الدفاع الجديدة في محاولة لإرباك مسار بناء مؤسسات الدولة وتعطيل جهود توحيد القرار العسكري تحت سلطة مدنية شرعية أما التقرير الذي أعادت قسد تسويقه اليوم والصادر سابقا عن منظمة هيومن رايتس ووتش فقد اعتمد على روايات مشبوهة ومصادر غير مستقلة بعضها يرتبط مباشرة بجهات معادية للمشروع الوطني السوري في تجاهل تام لمبادئ الحياد والموضوعية التي يفترض أن تحكم العمل الحقوقي لقد فندنا سابقا ما ورد في هذا التقرير من مغالطات وتشويهات متعمدة وأكدنا أنه يمثل نموذجا للتوظيف السياسي للعمل الحقوقي حيث تجاهلت المنظمة جرائم موثقة بالصوت والصورة ارتكبتها قسد بحق المدنيين مثل التهجير القسري والقصف العشوائي واستعراض جثث المقاتلين في الشوارع دون أن تحرك تلك المنظمات ساكنا إننا في الفرقة 62 وضمن إطار الحكومة السورية الانتقالية نؤكد التزامنا الكامل بمبادئ القانون وحقوق الإنسان ونتعامل بجدية مع أي ادعاءات موثقة وموضوعية من خلال مؤسسات قضائية مستقلة وفعالة لا تخضع لأي اعتبارات سياسية وندعو المنظمات الدولية وفي مقدمتها هيومن رايتس ووتش إلى 1 مراجعة منهجياتها وآليات التوثيق والتحقق من مصادرها 2 الانفتاح على التواصل المباشر مع الجهات الرسمية والشرعية في سوريا 3 النأي بنفسها عن الانخراط في حملات تستهدف وحدة سوريا ومؤسساتها الوطنية إننا نهيب بكافة الشركاء الدوليين إلى التمييز بين التقارير الحقوقية الجادة وبين المواد المفبركة التي تستخدم كأدوات لتصفية حسابات سياسية وندعوهم إلى دعم الجهود الوطنية لبناء جيش موحد ومؤسسات شرعية باعتبارها الضمانة الحقيقية لاستقرار سوريا ومستقبلها الفرقة 62 الجيش الوطني السوري العميد محمد الجاسم 18 أيار مايو 2025 ــــــــــــــــــــــــــــ httpstmemq_qu,"●بيان توضيحي بشأن الحملة الإعلامية الأخيرة
صادر عن الفرقة 62 – الجيش الوطني السوري

إن النشر المتداول اليوم حول مزاعم بارتكاب انتهاكات من قبل بعض فصائل الجيش الوطني السوري، ليس إلا فبركة إعلامية جديدة صادرة عن وسائل إعلام تابعة لـ”قسد”، و لأطراف اخرى لا تريد الخير لسوريا و شعبها ، تستند إلى تقارير قديمة سبق أن اطلعنا عليها وفضحنا ما ورد فيها من مغالطات، وفندناها بالأدلة والحقائق في حينه. ويأتي هذا التكرار في سياق حملة ممنهجة تهدف إلى تشويه صورة الحكومة الانتقالية وعرقلة مشروع دمج فصائل الجيش الوطني ضمن وزارة الدفاع الجديدة، في محاولة لإرباك مسار بناء مؤسسات الدولة وتعطيل جهود توحيد القرار العسكري تحت سلطة مدنية شرعية.

أما التقرير الذي أعادت “قسد” تسويقه اليوم، والصادر سابقًا عن منظمة “هيومن رايتس ووتش”، فقد اعتمد على روايات مشبوهة ومصادر غير مستقلة، بعضها يرتبط مباشرة بجهات معادية للمشروع الوطني السوري، في تجاهل تام لمبادئ الحياد والموضوعية التي يفترض أن تحكم العمل الحقوقي.

لقد فندنا سابقًا ما ورد في هذا التقرير من مغالطات وتشويهات متعمدة، وأكدنا أنه يمثل نموذجًا للتوظيف السياسي للعمل الحقوقي، حيث تجاهلت المنظمة جرائم موثقة بالصوت والصورة ارتكبتها “قسد” بحق المدنيين، مثل التهجير القسري، والقصف العشوائي، واستعراض جثث المقاتلين في الشوارع، دون أن تحرك تلك المنظمات ساكنًا.

إننا في الفرقة 62، وضمن إطار الحكومة السورية الانتقالية، نؤكد التزامنا الكامل بمبادئ القانون وحقوق الإنسان، ونتعامل بجدية مع أي ادعاءات موثقة وموضوعية، من خلال مؤسسات قضائية مستقلة وفعّالة، لا تخضع لأي اعتبارات سياسية.

وندعو المنظمات الدولية، وفي مقدمتها “هيومن رايتس ووتش”، إلى:
1. مراجعة منهجياتها وآليات التوثيق والتحقق من مصادرها.
2. الانفتاح على التواصل المباشر مع الجهات الرسمية والشرعية في سوريا.
3. النأي بنفسها عن الانخراط في حملات تستهدف وحدة سوريا ومؤسساتها الوطنية.

إننا نهيب بكافة الشركاء الدوليين إلى التمييز بين التقارير الحقوقية الجادة، وبين المواد المفبركة التي تُستخدم كأدوات لتصفية حسابات سياسية، وندعوهم إلى دعم الجهود الوطنية لبناء جيش موحد ومؤسسات شرعية، باعتبارها الضمانة الحقيقية لاستقرار سوريا ومستقبلها.

الفرقة 62 – الجيش الوطني السوري
العميد محمد الجاسم
18 أيار / مايو 2025
ــــــــــــــــــــــــــــ
https://t.me/MQ_QU",0.207913339138031,negative
,Politics,telegram,MQ_QU,اهم ما جاء في بيان صادر عن المرجعية الروحية العليا للطائفة العلوية العلامة الشيخ غزال غزال رئيس المجلس الإسلامي العلوي الأعلى في سوريا والمهجر ما زالت المطالب الأساسية تواجه بالتهميش والتجاهل ولم يفرج بعد عن آلاف المعتقلين المغيبين دون تهمة أو محاكمة ولم يكشف عن مصير المفقودين والمخطوفين عمليات القتل والتهجير والاعتقال غير المبرر مستمرة لم نكن يوما نطالب يوما بدولة دينية قائمة على أساس مذهبي أو طائفي بل كنا نأمل بقيام دولية مدنية أو علمانية تؤمن بفصل الدين عن السياسة على النقيض مما وصلنا إليه اليوم ما وصلنا إليه من مطالب باللامركزية السياسة الفيدرالية لم يعد مجرد رد دفاعي على هجومهم بل أصبح هدفا ملحا لحياة أفضل تقوم على التعاون بين مختلف أطياف الشعب ــــــــــــــــــــــــــــ httpstmemq_qu,"●اهم ما جاء في بيان صادر عن المرجعية الروحية العليا للطائفة العلوية العلامة الشيخ غزال غزال رئيس المجلس الإسلامي العلوي الأعلى في سوريا والمهجر:

ما زالت المطالب الأساسية تواجه بالتهميش والتجاهل، ولم يفرج بعد عن آلاف المعتقلين المغيبين دون تهمة أو محاكمة، ولم يكشف عن مصير المفقودين والمخطوفين.

عمليات القتل والتهجير والاعتقال غير المبرر مستمرة.

لم نكن يوماً نطالب يوماً بدولة دينية قائمة على أساس مذهبي أو طائفي بل كنا نأمل بقيام دولية مدنية أو علمانية تؤمن بفصل الدين عن السياسة، على النقيض مما وصلنا إليه اليوم.

ما وصلنا إليه من مطالب باللامركزية السياسة (الفيدرالية) لم يعد مجرد رد دفاعي على هجومهم، بل أصبح هدفاً ملحاً لحياة أفضل تقوم على التعاون بين مختلف أطياف الشعب.
ــــــــــــــــــــــــــــ
https://t.me/MQ_QU",0.20879799127578735,negative
,Politics,telegram,MQ_QU,المرصد السوري 9 قتلوا وقضوا واستشهدوا في ظروف مختلفة في 20 أيار ــــــــــــــــــــــــــــ httpstmemq_qu,"●المرصد السوري: 9 قُتلوا وقضوا واستُشهدوا في ظروف مختلفة في 20 أيار.
ــــــــــــــــــــــــــــ
https://t.me/MQ_QU",0.18238383531570435,negative
,Politics,telegram,MQ_QU,مجلس التعاون الخليجي يرحب بقرار الاتحاد الأوروبي رفع العقوبات الاقتصادية عن سوريا ــــــــــــــــــــــــــــ httpstmemq_qu,"●مجلس التعاون الخليجي يرحب بقرار الاتحاد الأوروبي رفع العقوبات الاقتصادية عن سوريا.
ــــــــــــــــــــــــــــ
https://t.me/MQ_QU",0.3446419835090637,negative
,Politics,telegram,MQ_QU,البحرين قرار رفع العقوبات خطوة إيجابية في مسيرة بناء الدولة السورية الحديثة ــــــــــــــــــــــــــــ httpstmemq_qu,"●البحرين: قرار رفع العقوبات خطوة إيجابية في مسيرة بناء الدولة السورية الحديثة
ــــــــــــــــــــــــــــ
https://t.me/MQ_QU",0.40855252742767334,negative
,Politics,telegram,MQ_QU,مصادر محلية ارتقاء طفل جراء انفجار مقذوف حربي من مخلفات النظام البائد في منطقة كباجب جنوبي دير الزور ــــــــــــــــــــــــــــ httpstmemq_qu,"●مصادر محلية: ارتقاء طفل جراء انفجار مقذوف حربي من مخلفات النظام البائد في منطقة كباجب جنوبي دير الزور.
ــــــــــــــــــــــــــــ
https://t.me/MQ_QU",0.28386813402175903,negative
,Politics,telegram,MQ_QU,كتيبة الهندسة في الفرقة 98 مدرعات التابعة لوزارة الدفاع تواصل عمليات إزالة الألغام ومخلفات الحرب في منطقة الحويز ومحيطها بريف حماة الغربي بهدف تأمين عودة آمنة للأهالي وحماية أرواحهم من خطر الذخائر غير المنفجرة ــــــــــــــــــــــــــــ httpstmemq_qu,"●كتيبة الهندسة في الفرقة 98 مدرعات التابعة لوزارة الدفاع، تواصل عمليات إزالة الألغام ومخلفات الحرب في منطقة الحويز ومحيطها بريف حماة الغربي، بهدف تأمين عودة آمنة للأهالي وحماية أرواحهم من خطر الذخائر غير المنفجرة.
ــــــــــــــــــــــــــــ
https://t.me/MQ_QU",0.2392680048942566,negative
,Politics,telegram,MQ_QU,كتيبة الهندسة في الفرقة 98 مدرعات التابعة لوزارة الدفاع تواصل عمليات إزالة الألغام ومخلفات الحرب في منطقة الحويز ومحيطها بريف حماة الغربي بهدف تأمين عودة آمنة للأهالي وحماية أرواحهم من خطر الذخائر غير المنفجرة ــــــــــــــــــــــــــــ httpstmemq_qu,"●كتيبة الهندسة في الفرقة 98 مدرعات التابعة لوزارة الدفاع، تواصل عمليات إزالة الألغام ومخلفات الحرب في منطقة الحويز ومحيطها بريف حماة الغربي، بهدف تأمين عودة آمنة للأهالي وحماية أرواحهم من خطر الذخائر غير المنفجرة.
ــــــــــــــــــــــــــــ
https://t.me/MQ_QU",0.2392680048942566,negative
,Politics,telegram,MQ_QU,منظمة هالو ترست البريطانية بالتعاون مع الفرق الهندسية التابعة لوزارة الداخلية تواصل عمليات مسح الأراضي وإزالة الألغام والذخائر غير المنفجرة في مدينة سراقب بريف إدلب الشرقي منظمة هالو ترست للإخبارية تمت إزالة نحو 3000 قطعة من مخلفات الحرب وتطهير 100 ألف متر مربع حتى الآن والفرق المتخصصة تواصل عملها نعمل في إدلب وريف حلب منذ آب 2022 ونسعى لزيادة عدد فرقنا والتوسع في العمل ليشمل مناطق سورية أخرى ــــــــــــــــــــــــــــ httpstmemq_qu,"●منظمة ""هالو ترست"" البريطانية بالتعاون مع الفرق الهندسية التابعة لوزارة الداخلية تواصل عمليات مسح الأراضي وإزالة الألغام والذخائر غير المنفجرة في مدينة سراقب بريف إدلب الشرقي..

منظمة ""هالو ترست"" للإخبارية:

تمت إزالة نحو 3000 قطعة من مخلفات الحرب وتطهير 100 ألف متر مربع حتى الآن والفرق المتخصصة تواصل عملها.

نعمل في إدلب وريف حلب منذ آب 2022 ونسعى لزيادة عدد فرقنا والتوسع في العمل ليشمل مناطق سورية أخرى.
ــــــــــــــــــــــــــــ
https://t.me/MQ_QU",0.16064512729644775,negative
,Politics,telegram,MQ_QU,منظمة هالو ترست البريطانية بالتعاون مع الفرق الهندسية التابعة لوزارة الداخلية تواصل عمليات مسح الأراضي وإزالة الألغام والذخائر غير المنفجرة في مدينة سراقب بريف إدلب الشرقي منظمة هالو ترست للإخبارية تمت إزالة نحو 3000 قطعة من مخلفات الحرب وتطهير 100 ألف متر مربع حتى الآن والفرق المتخصصة تواصل عملها نعمل في إدلب وريف حلب منذ آب 2022 ونسعى لزيادة عدد فرقنا والتوسع في العمل ليشمل مناطق سورية أخرى ــــــــــــــــــــــــــــ httpstmemq_qu,"●منظمة ""هالو ترست"" البريطانية بالتعاون مع الفرق الهندسية التابعة لوزارة الداخلية تواصل عمليات مسح الأراضي وإزالة الألغام والذخائر غير المنفجرة في مدينة سراقب بريف إدلب الشرقي..

منظمة ""هالو ترست"" للإخبارية:

تمت إزالة نحو 3000 قطعة من مخلفات الحرب وتطهير 100 ألف متر مربع حتى الآن والفرق المتخصصة تواصل عملها.

نعمل في إدلب وريف حلب منذ آب 2022 ونسعى لزيادة عدد فرقنا والتوسع في العمل ليشمل مناطق سورية أخرى.
ــــــــــــــــــــــــــــ
https://t.me/MQ_QU",0.16064512729644775,negative
,Politics,telegram,MQ_QU,تكليف محمد ماهر بعاج أمينا عاما لمحافظة ديرالزور,"تكليف ""محمد ماهر بعاج"" أميناً عاماً لمحافظة ديرالزور.",0.5743955373764038,positive
,Politics,telegram,MQ_QU,تزامنا مع انتهاء مهلة وزارة الدفاع لتسليم كافة أسلحة الفصائل التي لم تنطوي ولم تسلم اسلحتها لوزارة الدفاع سيخرج اليوم وزير الدفاع اللواء المهندس مرهف أبو قصرة في تمام الساعة 630 مساء بتوقيت دمشق بلقاء خاص على قناة الإخبارية السورية ــــــــــــــــــــــــــــ httpstmemq_qu,"●‏تزامناً مع انتهاء مهلة وزارة الدفاع لتسليم كافة أسلحة الفصائل التي لم تُنطوي ولم تسلم اسلحتها لوزارة الدفاع.. ،سيخرج اليوم وزير الدفاع اللواء المهندس مرهف أبو قصرة في تمام الساعة 6:30 مساءً بتوقيت دمشق بلقاء خاص على قناة الإخبارية السورية.
ــــــــــــــــــــــــــــ
https://t.me/MQ_QU",0.1851428747177124,negative
,Politics,telegram,MQ_QU,وزارة العدل تزعم توقيف المتورطين في حادث الاعتداء على القاضي أحمد حسكل في حلب اكدت وزارة العدل توقيف المتورطين في حادث الاعتداء على القاضي أحمد حسكل في حلب وفتح تحقيق عاجل وإحالة الملف إلى القضاء المختص لاتخاذ الإجراءات القانونية المناسبة وأوضحت الوزارة,●وزارة العدل تزعم توقيف المتورطين في حادث الاعتداء على القاضي أحمد حسكل في حلب اكدت وزارة العدل توقيف المتورطين في حادث الاعتداء على القاضي أحمد حسكل في حلب، وفُتح تحقيق عاجل، وإحالة الملف إلى القضاء المختص لاتخاذ الإجراءات القانونية المناسبة. وأوضحت الوزارة…,0.2519005537033081,negative
,Politics,telegram,MQ_QU,بدأ تجمع المواطنين امام القصر العدلي في حلب للمطالبة باخلاء سبيل عبيدة طحان رئيس قسم الصالحين بمدينة حلب بعد اعتقاله بسبب تهمة ضربه للقاضي احمد حسكل ــــــــــــــــــــــــــــ httpstmemq_qu,"●بدأ تجمع المواطنين امام القصر العدلي في حلب للمطالبة باخلاء سبيل عبيدة طحان رئيس قسم الصالحين بمدينة حلب بعد اعتقاله بسبب تهمة ضربه للقاضي احمد حسكل.
ــــــــــــــــــــــــــــ
https://t.me/MQ_QU",0.4178926348686218,negative
,Politics,telegram,MQ_QU,بدأ تجمع المواطنين امام القصر العدلي في حلب للمطالبة باخلاء سبيل عبيدة طحان رئيس قسم الصالحين بمدينة حلب بعد اعتقاله بسبب تهمة ضربه للقاضي احمد حسكل ــــــــــــــــــــــــــــ httpstmemq_qu,●بدأ تجمع المواطنين امام القصر العدلي في حلب للمطالبة باخلاء سبيل عبيدة طحان رئيس قسم الصالحين بمدينة حلب بعد اعتقاله بسبب تهمة ضربه للقاضي احمد حسكل. ــــــــــــــــــــــــــــ https://t.me/MQ_QU,0.4178926348686218,negative
,Politics,telegram,MQ_QU,مظاهرة أمام قصر العدل في حلب تطالب بإقالة قضاة متهمين بالتبعية للنظام البائد واطلاق سراح عبيدة طحان ــــــــــــــــــــــــــــ httpstmemq_qu,"●مظاهرة أمام قصر العدل في حلب تطالب بإقالة قضاة متهمين بالتبعية للنظام البائد، واطلاق سراح عبيدة طحان.
ــــــــــــــــــــــــــــ
https://t.me/MQ_QU",0.17160284519195557,negative
,Politics,telegram,MQ_QU,بدأ اللقاء الخاص مع وزير الدفاع,بدأ اللقاء الخاص مع وزير الدفاع.,0.3993360996246338,negative
,Politics,telegram,MQ_QU,وزير الدفاع اللواء المهندس مرهف أبو قصرة في لقاء خاص مع قناة الإخبارية السورية صورة وسمعة الجيش السوري السابق مشوهة بسبب ما قام به من جرائم بحق الشعب السوري ونحن اليوم نسعى لترميم هذه الفجوة بين الجيش والشعب ــــــــــــــــــــــــــــ httpstmemq_qu,"●وزير الدفاع اللواء المهندس مرهف أبو قصرة في لقاء خاص مع قناة الإخبارية السورية: صورة وسمعة الجيش السوري السابق مشوهة بسبب ما قام به من جرائم بحق الشعب السوري، ونحن اليوم نسعى لترميم هذه الفجوة بين الجيش والشعب.
ــــــــــــــــــــــــــــ
https://t.me/MQ_QU",0.20446622371673584,negative
,Politics,telegram,MQ_QU,وزير الدفاع التقينا حوالي 130 فصيلا لمناقشة الهيكلية الجديدة للجيش وحققنا نجاحا كبيرا في عملية دمجها ضمن الوزارة ــــــــــــــــــــــــــــ httpstmemq_qu,"●وزير الدفاع: التقينا حوالي 130 فصيلاً لمناقشة الهيكلية الجديدة للجيش وحققنا نجاحاً كبيراً في عملية دمجها ضمن الوزارة.
ــــــــــــــــــــــــــــ
https://t.me/MQ_QU",0.19366955757141113,negative
,Politics,telegram,MQ_QU,وزير الدفاع التقينا حوالي 130 فصيلا لمناقشة الهيكلية الجديدة للجيش وحققنا نجاحا كبيرا في عملية دمجها ضمن الوزارة ــــــــــــــــــــــــــــ httpstmemq_qu,●وزير الدفاع: التقينا حوالي 130 فصيلاً لمناقشة الهيكلية الجديدة للجيش وحققنا نجاحاً كبيراً في عملية دمجها ضمن الوزارة. ــــــــــــــــــــــــــــ https://t.me/MQ_QU,0.19366955757141113,negative
,Politics,telegram,MQ_QU,وزير الدفاع لن نسمح لأي أحد أن يكون خارج سلطة وزارة الدفاع ــــــــــــــــــــــــــــ httpstmemq_qu,"●وزير الدفاع: لن نسمح لأي أحد أن يكون خارج سلطة وزارة الدفاع.
ــــــــــــــــــــــــــــ
https://t.me/MQ_QU",0.20118945837020874,negative
,Politics,telegram,MQ_QU,وزير الدفاع نتعاون مع وزارة الداخلية في ملاحقة فلول النظام وضبط السلاح وحصره بيد الدولة ومنع أي تعديات أو تجاوزات على الشعب السوري ــــــــــــــــــــــــــــ httpstmemq_qu,"●وزير الدفاع: نتعاون مع وزارة الداخلية في ملاحقة فلول النظام وضبط السلاح وحصره بيد الدولة ومنع أي تعديات أو تجاوزات على الشعب السوري.
ــــــــــــــــــــــــــــ
https://t.me/MQ_QU",0.19254064559936523,negative
,Politics,telegram,MQ_QU,وزير الدفاع نعمل على تنظيم القوات المسلحة وتفعيل الضباط والعسكريين ضمن وزارة الدفاع الأمر الذي يحقق كفاءة هذه القوات والعمل المؤسساتي ــــــــــــــــــــــــــــ httpstmemq_qu,"●وزير الدفاع: نعمل على تنظيم القوات المسلحة وتفعيل الضباط والعسكريين ضمن وزارة الدفاع الأمر الذي يحقق كفاءة هذه القوات والعمل المؤسساتي.
ــــــــــــــــــــــــــــ
https://t.me/MQ_QU",0.24351048469543457,negative
,Politics,telegram,MQ_QU,وزير الدفاع نعمل على صيانة المنشآت التعليمية العسكرية حتى تكون جاهزة لاستقبال منتسبي القوات المسلحة ــــــــــــــــــــــــــــ httpstmemq_qu,"●وزير الدفاع: نعمل على صيانة المنشآت التعليمية العسكرية حتى تكون جاهزة لاستقبال منتسبي القوات المسلحة.
ــــــــــــــــــــــــــــ
https://t.me/MQ_QU",0.22997832298278809,negative
,Politics,telegram,MQ_QU,وزير الدفاع الضباط المنشقون حريصون على بناء القوات المسلحة وعلى خدمة البلد ونعمل على استقطابهم ــــــــــــــــــــــــــــ httpstmemq_qu,"●وزير الدفاع: الضباط المنشقون حريصون على بناء القوات المسلحة وعلى خدمة البلد ونعمل على استقطابهم.
ــــــــــــــــــــــــــــ
https://t.me/MQ_QU",0.2425445318222046,negative
,Politics,telegram,MQ_QU,وزير الدفاع سنبني جيشا له عقيدة عسكرية وطنية تحمي الشعب السوري نريد جيشا تطوعيا محترفا حتى يأتي إليه جنود مخلصون ــــــــــــــــــــــــــــ httpstmemq_qu,"●وزير الدفاع: سنبني جيشاً له عقيدة عسكرية وطنية تحمي الشعب السوري.

نريد جيشاً تطوعياً محترفاً حتى يأتي إليه جنود مخلصون.
ــــــــــــــــــــــــــــ
https://t.me/MQ_QU",0.2534303665161133,negative
,Politics,telegram,MQ_QU,وزير الدفاع القادة العسكريون في الثورة سيلتحقون بالكلية العسكرية قبل منحهم الرتب في الجيش ــــــــــــــــــــــــــــ httpstmemq_qu,"●وزير الدفاع: القادة العسكريون في الثورة سيلتحقون بالكلية العسكرية قبل ‏منحهم الرتب في الجيش.
ــــــــــــــــــــــــــــ
https://t.me/MQ_QU",0.2561621069908142,negative
,Politics,telegram,MQ_QU,وزير الدفاع بعد إعلان مهلة العشرة أيام التحقت بعض المجموعات الصغيرة بوزارة الدفاع حققنا نجاحا في الفترة الماضية واستطعنا ضم جميع الفصائل إلى الوزارة ــــــــــــــــــــــــــــ httpstmemq_qu,"●وزير الدفاع:

بعد إعلان مهلة العشرة أيام التحقت بعض المجموعات ‏الصغيرة بوزارة الدفاع.

حققنا نجاحاً في الفترة الماضية واستطعنا ضم جميع الفصائل ‏إلى الوزارة.
ــــــــــــــــــــــــــــ
https://t.me/MQ_QU",0.219682514667511,negative
,Politics,telegram,MQ_QU,وزير الدفاع وجود السلاح خارج سلطة الدولة لا يساعد على تحقيق الاستقرار نقوم بخطوات مدروسة لنقل الجيش من الحالة الثورية إلى الحالة المؤسساتية وضعنا معايير عدة للانتساب إلى الجيش منها البنية السليمة وحسن السلوك والشهادة العلمية بعد صدور نتائج الثانوية سنعلن عن استقبال طلبات الانتساب للكلية الحربية نشكر السوريين في الداخل والخارج وذوي الشهداء والجرحى على ما قدموا وضحوا في سبيل إحقاق الحق وإسقاط النظام البائد اخترنا أن يكون الجيش تطوعيا وليس إجباريا كي ﻻ يلتحق به إﻻ الجنود المخلصون الجيش لن يسمح لأي جهة كانت بأن تعبث بحقوق وأمن الشعب السوري ــــــــــــــــــــــــــــ httpstmemq_qu,"●وزير الدفاع:

وجود السلاح خارج سلطة الدولة لا يساعد على تحقيق الاستقرار.

نقوم بخطوات مدروسة لنقل الجيش من الحالة الثورية إلى الحالة المؤسساتية.

وضعنا معايير عدة للانتساب إلى الجيش منها البنية السليمة وحسن السلوك والشهادة العلمية.

بعد صدور نتائج الثانوية سنعلن عن استقبال طلبات الانتساب للكلية الحربية.

نشكر السوريين في الداخل والخارج وذوي الشهداء والجرحى على ما قدموا وضحوا في سبيل إحقاق الحق وإسقاط النظام البائد.

اخترنا أن يكون الجيش تطوعياً وليس إجبارياً كي ﻻ يلتحق ‏به إﻻ الجنود المخلصون.

الجيش لن يسمح لأي جهة كانت بأن تعبث بحقوق وأمن الشعب السوري.
ــــــــــــــــــــــــــــ
https://t.me/MQ_QU",0.1745229959487915,negative
,Politics,telegram,MQ_QU,وزير دفاع لدينا خطة لجمع السلاح من أجل ضمان الأمن والاستقرار في البلاد استحدثنا 10 كليات عسكرية بمختلف التخصصات انتهينا من مرحلة نقل القطع العسكرية لوزارة الدفاع والمرحلة التالية هي تنظيم القوات المسلحة ــــــــــــــــــــــــــــ httpstmemq_qu,"●وزير دفاع: لدينا خطة لجمع السلاح من أجل ضمان الأمن والاستقرار في البلاد.

استحدثنا 10 كليات عسكرية بمختلف التخصصات.

انتهينا من مرحلة نقل القطع العسكرية لوزارة الدفاع والمرحلة التالية هي تنظيم القوات المسلحة.
ــــــــــــــــــــــــــــ
https://t.me/MQ_QU",0.2344028353691101,negative
,Politics,telegram,MQ_QU,وزير الدفاع المهلة التي تم إطلاقها لتسليم السلاح لاتشمل شمال شرق سوريا لأن المنطقة لها اتفاق ومسار مختلف في التسليم ــــــــــــــــــــــــــــ httpstmemq_qu,"●وزير الدفاع: المهلة التي تم إطلاقها لتسليم السلاح لاتشمل شمال شرق سوريا لأن المنطقة لها اتفاق ومسار مختلف في التسليم.
ــــــــــــــــــــــــــــ
https://t.me/MQ_QU",0.23363715410232544,negative
,Politics,telegram,MQ_QU,منظمة هالو ترست البريطانية بالتعاون مع الفرق الهندسية التابعة لوزارة الداخلية تواصل عمليات مسح الأراضي وإزالة الألغام والذخائر غير المنفجرة في مدينة سراقب بريف إدلب الشرقي منظمة هالو ترست للإخبارية تمت إزالة نحو 3000 قطعة من مخلفات الحرب وتطهير 100 ألف متر مربع حتى الآن والفرق المتخصصة تواصل عملها نعمل في إدلب وريف حلب منذ آب 2022 ونسعى لزيادة عدد فرقنا والتوسع في العمل ليشمل مناطق سورية أخرى ــــــــــــــــــــــــــــ httpstmemq_qu,"●منظمة ""هالو ترست"" البريطانية بالتعاون مع الفرق الهندسية التابعة لوزارة الداخلية تواصل عمليات مسح الأراضي وإزالة الألغام والذخائر غير المنفجرة في مدينة سراقب بريف إدلب الشرقي..

منظمة ""هالو ترست"" للإخبارية:

تمت إزالة نحو 3000 قطعة من مخلفات الحرب وتطهير 100 ألف متر مربع حتى الآن والفرق المتخصصة تواصل عملها.

نعمل في إدلب وريف حلب منذ آب 2022 ونسعى لزيادة عدد فرقنا والتوسع في العمل ليشمل مناطق سورية أخرى.
ــــــــــــــــــــــــــــ
https://t.me/MQ_QU",0.16064512729644775,negative
,Politics,telegram,MQ_QU,منظمة هالو ترست البريطانية بالتعاون مع الفرق الهندسية التابعة لوزارة الداخلية تواصل عمليات مسح الأراضي وإزالة الألغام والذخائر غير المنفجرة في مدينة سراقب بريف إدلب الشرقي منظمة هالو ترست للإخبارية تمت إزالة نحو 3000 قطعة من مخلفات الحرب وتطهير 100 ألف متر مربع حتى الآن والفرق المتخصصة تواصل عملها نعمل في إدلب وريف حلب منذ آب 2022 ونسعى لزيادة عدد فرقنا والتوسع في العمل ليشمل مناطق سورية أخرى ــــــــــــــــــــــــــــ httpstmemq_qu,"●منظمة ""هالو ترست"" البريطانية بالتعاون مع الفرق الهندسية التابعة لوزارة الداخلية تواصل عمليات مسح الأراضي وإزالة الألغام والذخائر غير المنفجرة في مدينة سراقب بريف إدلب الشرقي..

منظمة ""هالو ترست"" للإخبارية:

تمت إزالة نحو 3000 قطعة من مخلفات الحرب وتطهير 100 ألف متر مربع حتى الآن والفرق المتخصصة تواصل عملها.

نعمل في إدلب وريف حلب منذ آب 2022 ونسعى لزيادة عدد فرقنا والتوسع في العمل ليشمل مناطق سورية أخرى.
ــــــــــــــــــــــــــــ
https://t.me/MQ_QU",0.16064512729644775,negative
,Politics,telegram,MQ_QU,تكليف محمد ماهر بعاج أمينا عاما لمحافظة ديرالزور,"تكليف ""محمد ماهر بعاج"" أميناً عاماً لمحافظة ديرالزور.",0.5743955373764038,positive
,Politics,telegram,MQ_QU,تزامنا مع انتهاء مهلة وزارة الدفاع لتسليم كافة أسلحة الفصائل التي لم تنطوي ولم تسلم اسلحتها لوزارة الدفاع سيخرج اليوم وزير الدفاع اللواء المهندس مرهف أبو قصرة في تمام الساعة 630 مساء بتوقيت دمشق بلقاء خاص على قناة الإخبارية السورية ــــــــــــــــــــــــــــ httpstmemq_qu,"●‏تزامناً مع انتهاء مهلة وزارة الدفاع لتسليم كافة أسلحة الفصائل التي لم تُنطوي ولم تسلم اسلحتها لوزارة الدفاع.. ،سيخرج اليوم وزير الدفاع اللواء المهندس مرهف أبو قصرة في تمام الساعة 6:30 مساءً بتوقيت دمشق بلقاء خاص على قناة الإخبارية السورية.
ــــــــــــــــــــــــــــ
https://t.me/MQ_QU",0.1851428747177124,negative
,Politics,telegram,MQ_QU,وزارة العدل تزعم توقيف المتورطين في حادث الاعتداء على القاضي أحمد حسكل في حلب اكدت وزارة العدل توقيف المتورطين في حادث الاعتداء على القاضي أحمد حسكل في حلب وفتح تحقيق عاجل وإحالة الملف إلى القضاء المختص لاتخاذ الإجراءات القانونية المناسبة وأوضحت الوزارة,●وزارة العدل تزعم توقيف المتورطين في حادث الاعتداء على القاضي أحمد حسكل في حلب اكدت وزارة العدل توقيف المتورطين في حادث الاعتداء على القاضي أحمد حسكل في حلب، وفُتح تحقيق عاجل، وإحالة الملف إلى القضاء المختص لاتخاذ الإجراءات القانونية المناسبة. وأوضحت الوزارة…,0.2519005537033081,negative
,Politics,telegram,MQ_QU,بدأ تجمع المواطنين امام القصر العدلي في حلب للمطالبة باخلاء سبيل عبيدة طحان رئيس قسم الصالحين بمدينة حلب بعد اعتقاله بسبب تهمة ضربه للقاضي احمد حسكل ــــــــــــــــــــــــــــ httpstmemq_qu,"●بدأ تجمع المواطنين امام القصر العدلي في حلب للمطالبة باخلاء سبيل عبيدة طحان رئيس قسم الصالحين بمدينة حلب بعد اعتقاله بسبب تهمة ضربه للقاضي احمد حسكل.
ــــــــــــــــــــــــــــ
https://t.me/MQ_QU",0.4178926348686218,negative
,Politics,telegram,MQ_QU,بدأ تجمع المواطنين امام القصر العدلي في حلب للمطالبة باخلاء سبيل عبيدة طحان رئيس قسم الصالحين بمدينة حلب بعد اعتقاله بسبب تهمة ضربه للقاضي احمد حسكل ــــــــــــــــــــــــــــ httpstmemq_qu,●بدأ تجمع المواطنين امام القصر العدلي في حلب للمطالبة باخلاء سبيل عبيدة طحان رئيس قسم الصالحين بمدينة حلب بعد اعتقاله بسبب تهمة ضربه للقاضي احمد حسكل. ــــــــــــــــــــــــــــ https://t.me/MQ_QU,0.4178926348686218,negative
,Politics,telegram,MQ_QU,مظاهرة أمام قصر العدل في حلب تطالب بإقالة قضاة متهمين بالتبعية للنظام البائد واطلاق سراح عبيدة طحان ــــــــــــــــــــــــــــ httpstmemq_qu,"●مظاهرة أمام قصر العدل في حلب تطالب بإقالة قضاة متهمين بالتبعية للنظام البائد، واطلاق سراح عبيدة طحان.
ــــــــــــــــــــــــــــ
https://t.me/MQ_QU",0.17160284519195557,negative
,Politics,telegram,MQ_QU,بدأ اللقاء الخاص مع وزير الدفاع,بدأ اللقاء الخاص مع وزير الدفاع.,0.3993360996246338,negative
,Politics,telegram,MQ_QU,وزير الدفاع اللواء المهندس مرهف أبو قصرة في لقاء خاص مع قناة الإخبارية السورية صورة وسمعة الجيش السوري السابق مشوهة بسبب ما قام به من جرائم بحق الشعب السوري ونحن اليوم نسعى لترميم هذه الفجوة بين الجيش والشعب ــــــــــــــــــــــــــــ httpstmemq_qu,"●وزير الدفاع اللواء المهندس مرهف أبو قصرة في لقاء خاص مع قناة الإخبارية السورية: صورة وسمعة الجيش السوري السابق مشوهة بسبب ما قام به من جرائم بحق الشعب السوري، ونحن اليوم نسعى لترميم هذه الفجوة بين الجيش والشعب.
ــــــــــــــــــــــــــــ
https://t.me/MQ_QU",0.20446622371673584,negative
,Politics,telegram,MQ_QU,وزير الدفاع التقينا حوالي 130 فصيلا لمناقشة الهيكلية الجديدة للجيش وحققنا نجاحا كبيرا في عملية دمجها ضمن الوزارة ــــــــــــــــــــــــــــ httpstmemq_qu,"●وزير الدفاع: التقينا حوالي 130 فصيلاً لمناقشة الهيكلية الجديدة للجيش وحققنا نجاحاً كبيراً في عملية دمجها ضمن الوزارة.
ــــــــــــــــــــــــــــ
https://t.me/MQ_QU",0.19366955757141113,negative
,Politics,telegram,MQ_QU,وزير الدفاع التقينا حوالي 130 فصيلا لمناقشة الهيكلية الجديدة للجيش وحققنا نجاحا كبيرا في عملية دمجها ضمن الوزارة ــــــــــــــــــــــــــــ httpstmemq_qu,●وزير الدفاع: التقينا حوالي 130 فصيلاً لمناقشة الهيكلية الجديدة للجيش وحققنا نجاحاً كبيراً في عملية دمجها ضمن الوزارة. ــــــــــــــــــــــــــــ https://t.me/MQ_QU,0.19366955757141113,negative
,Politics,telegram,MQ_QU,وزير الدفاع لن نسمح لأي أحد أن يكون خارج سلطة وزارة الدفاع ــــــــــــــــــــــــــــ httpstmemq_qu,"●وزير الدفاع: لن نسمح لأي أحد أن يكون خارج سلطة وزارة الدفاع.
ــــــــــــــــــــــــــــ
https://t.me/MQ_QU",0.20118945837020874,negative
,Politics,telegram,MQ_QU,وزير الدفاع نتعاون مع وزارة الداخلية في ملاحقة فلول النظام وضبط السلاح وحصره بيد الدولة ومنع أي تعديات أو تجاوزات على الشعب السوري ــــــــــــــــــــــــــــ httpstmemq_qu,"●وزير الدفاع: نتعاون مع وزارة الداخلية في ملاحقة فلول النظام وضبط السلاح وحصره بيد الدولة ومنع أي تعديات أو تجاوزات على الشعب السوري.
ــــــــــــــــــــــــــــ
https://t.me/MQ_QU",0.19254064559936523,negative
,Politics,telegram,MQ_QU,وزير الدفاع نعمل على تنظيم القوات المسلحة وتفعيل الضباط والعسكريين ضمن وزارة الدفاع الأمر الذي يحقق كفاءة هذه القوات والعمل المؤسساتي ــــــــــــــــــــــــــــ httpstmemq_qu,"●وزير الدفاع: نعمل على تنظيم القوات المسلحة وتفعيل الضباط والعسكريين ضمن وزارة الدفاع الأمر الذي يحقق كفاءة هذه القوات والعمل المؤسساتي.
ــــــــــــــــــــــــــــ
https://t.me/MQ_QU",0.24351048469543457,negative
,Politics,telegram,MQ_QU,وزير الدفاع نعمل على صيانة المنشآت التعليمية العسكرية حتى تكون جاهزة لاستقبال منتسبي القوات المسلحة ــــــــــــــــــــــــــــ httpstmemq_qu,"●وزير الدفاع: نعمل على صيانة المنشآت التعليمية العسكرية حتى تكون جاهزة لاستقبال منتسبي القوات المسلحة.
ــــــــــــــــــــــــــــ
https://t.me/MQ_QU",0.22997832298278809,negative
,Politics,telegram,MQ_QU,وزير الدفاع الضباط المنشقون حريصون على بناء القوات المسلحة وعلى خدمة البلد ونعمل على استقطابهم ــــــــــــــــــــــــــــ httpstmemq_qu,"●وزير الدفاع: الضباط المنشقون حريصون على بناء القوات المسلحة وعلى خدمة البلد ونعمل على استقطابهم.
ــــــــــــــــــــــــــــ
https://t.me/MQ_QU",0.2425445318222046,negative
,Politics,telegram,MQ_QU,وزير الدفاع سنبني جيشا له عقيدة عسكرية وطنية تحمي الشعب السوري نريد جيشا تطوعيا محترفا حتى يأتي إليه جنود مخلصون ــــــــــــــــــــــــــــ httpstmemq_qu,"●وزير الدفاع: سنبني جيشاً له عقيدة عسكرية وطنية تحمي الشعب السوري.

نريد جيشاً تطوعياً محترفاً حتى يأتي إليه جنود مخلصون.
ــــــــــــــــــــــــــــ
https://t.me/MQ_QU",0.2534303665161133,negative
,Politics,telegram,MQ_QU,وزير الدفاع القادة العسكريون في الثورة سيلتحقون بالكلية العسكرية قبل منحهم الرتب في الجيش ــــــــــــــــــــــــــــ httpstmemq_qu,"●وزير الدفاع: القادة العسكريون في الثورة سيلتحقون بالكلية العسكرية قبل ‏منحهم الرتب في الجيش.
ــــــــــــــــــــــــــــ
https://t.me/MQ_QU",0.2561621069908142,negative
,Politics,telegram,MQ_QU,وزير الدفاع بعد إعلان مهلة العشرة أيام التحقت بعض المجموعات الصغيرة بوزارة الدفاع حققنا نجاحا في الفترة الماضية واستطعنا ضم جميع الفصائل إلى الوزارة ــــــــــــــــــــــــــــ httpstmemq_qu,"●وزير الدفاع:

بعد إعلان مهلة العشرة أيام التحقت بعض المجموعات ‏الصغيرة بوزارة الدفاع.

حققنا نجاحاً في الفترة الماضية واستطعنا ضم جميع الفصائل ‏إلى الوزارة.
ــــــــــــــــــــــــــــ
https://t.me/MQ_QU",0.219682514667511,negative
,Politics,telegram,MQ_QU,وزير الدفاع وجود السلاح خارج سلطة الدولة لا يساعد على تحقيق الاستقرار نقوم بخطوات مدروسة لنقل الجيش من الحالة الثورية إلى الحالة المؤسساتية وضعنا معايير عدة للانتساب إلى الجيش منها البنية السليمة وحسن السلوك والشهادة العلمية بعد صدور نتائج الثانوية سنعلن عن استقبال طلبات الانتساب للكلية الحربية نشكر السوريين في الداخل والخارج وذوي الشهداء والجرحى على ما قدموا وضحوا في سبيل إحقاق الحق وإسقاط النظام البائد اخترنا أن يكون الجيش تطوعيا وليس إجباريا كي ﻻ يلتحق به إﻻ الجنود المخلصون الجيش لن يسمح لأي جهة كانت بأن تعبث بحقوق وأمن الشعب السوري ــــــــــــــــــــــــــــ httpstmemq_qu,"●وزير الدفاع:

وجود السلاح خارج سلطة الدولة لا يساعد على تحقيق الاستقرار.

نقوم بخطوات مدروسة لنقل الجيش من الحالة الثورية إلى الحالة المؤسساتية.

وضعنا معايير عدة للانتساب إلى الجيش منها البنية السليمة وحسن السلوك والشهادة العلمية.

بعد صدور نتائج الثانوية سنعلن عن استقبال طلبات الانتساب للكلية الحربية.

نشكر السوريين في الداخل والخارج وذوي الشهداء والجرحى على ما قدموا وضحوا في سبيل إحقاق الحق وإسقاط النظام البائد.

اخترنا أن يكون الجيش تطوعياً وليس إجبارياً كي ﻻ يلتحق ‏به إﻻ الجنود المخلصون.

الجيش لن يسمح لأي جهة كانت بأن تعبث بحقوق وأمن الشعب السوري.
ــــــــــــــــــــــــــــ
https://t.me/MQ_QU",0.1745229959487915,negative
,Politics,telegram,MQ_QU,وزير دفاع لدينا خطة لجمع السلاح من أجل ضمان الأمن والاستقرار في البلاد استحدثنا 10 كليات عسكرية بمختلف التخصصات انتهينا من مرحلة نقل القطع العسكرية لوزارة الدفاع والمرحلة التالية هي تنظيم القوات المسلحة ــــــــــــــــــــــــــــ httpstmemq_qu,"●وزير دفاع: لدينا خطة لجمع السلاح من أجل ضمان الأمن والاستقرار في البلاد.

استحدثنا 10 كليات عسكرية بمختلف التخصصات.

انتهينا من مرحلة نقل القطع العسكرية لوزارة الدفاع والمرحلة التالية هي تنظيم القوات المسلحة.
ــــــــــــــــــــــــــــ
https://t.me/MQ_QU",0.2344028353691101,negative
,Politics,telegram,MQ_QU,وزير الدفاع المهلة التي تم إطلاقها لتسليم السلاح لاتشمل شمال شرق سوريا لأن المنطقة لها اتفاق ومسار مختلف في التسليم ــــــــــــــــــــــــــــ httpstmemq_qu,"●وزير الدفاع: المهلة التي تم إطلاقها لتسليم السلاح لاتشمل شمال شرق سوريا لأن المنطقة لها اتفاق ومسار مختلف في التسليم.
ــــــــــــــــــــــــــــ
https://t.me/MQ_QU",0.23363715410232544,negative
,Politics,telegram,MQ_QU,منظمة هالو ترست البريطانية بالتعاون مع الفرق الهندسية التابعة لوزارة الداخلية تواصل عمليات مسح الأراضي وإزالة الألغام والذخائر غير المنفجرة في مدينة سراقب بريف إدلب الشرقي منظمة هالو ترست للإخبارية تمت إزالة نحو 3000 قطعة من مخلفات الحرب وتطهير 100 ألف متر مربع حتى الآن والفرق المتخصصة تواصل عملها نعمل في إدلب وريف حلب منذ آب 2022 ونسعى لزيادة عدد فرقنا والتوسع في العمل ليشمل مناطق سورية أخرى ــــــــــــــــــــــــــــ httpstmemq_qu,"●منظمة ""هالو ترست"" البريطانية بالتعاون مع الفرق الهندسية التابعة لوزارة الداخلية تواصل عمليات مسح الأراضي وإزالة الألغام والذخائر غير المنفجرة في مدينة سراقب بريف إدلب الشرقي..

منظمة ""هالو ترست"" للإخبارية:

تمت إزالة نحو 3000 قطعة من مخلفات الحرب وتطهير 100 ألف متر مربع حتى الآن والفرق المتخصصة تواصل عملها.

نعمل في إدلب وريف حلب منذ آب 2022 ونسعى لزيادة عدد فرقنا والتوسع في العمل ليشمل مناطق سورية أخرى.
ــــــــــــــــــــــــــــ
https://t.me/MQ_QU",0.16064512729644775,negative
,Politics,telegram,MQ_QU,منظمة هالو ترست البريطانية بالتعاون مع الفرق الهندسية التابعة لوزارة الداخلية تواصل عمليات مسح الأراضي وإزالة الألغام والذخائر غير المنفجرة في مدينة سراقب بريف إدلب الشرقي منظمة هالو ترست للإخبارية تمت إزالة نحو 3000 قطعة من مخلفات الحرب وتطهير 100 ألف متر مربع حتى الآن والفرق المتخصصة تواصل عملها نعمل في إدلب وريف حلب منذ آب 2022 ونسعى لزيادة عدد فرقنا والتوسع في العمل ليشمل مناطق سورية أخرى ــــــــــــــــــــــــــــ httpstmemq_qu,"●منظمة ""هالو ترست"" البريطانية بالتعاون مع الفرق الهندسية التابعة لوزارة الداخلية تواصل عمليات مسح الأراضي وإزالة الألغام والذخائر غير المنفجرة في مدينة سراقب بريف إدلب الشرقي..

منظمة ""هالو ترست"" للإخبارية:

تمت إزالة نحو 3000 قطعة من مخلفات الحرب وتطهير 100 ألف متر مربع حتى الآن والفرق المتخصصة تواصل عملها.

نعمل في إدلب وريف حلب منذ آب 2022 ونسعى لزيادة عدد فرقنا والتوسع في العمل ليشمل مناطق سورية أخرى.
ــــــــــــــــــــــــــــ
https://t.me/MQ_QU",0.16064512729644775,negative
,Politics,telegram,MQ_QU,تكليف محمد ماهر بعاج أمينا عاما لمحافظة ديرالزور,"تكليف ""محمد ماهر بعاج"" أميناً عاماً لمحافظة ديرالزور.",0.5743955373764038,positive
,Politics,telegram,MQ_QU,تزامنا مع انتهاء مهلة وزارة الدفاع لتسليم كافة أسلحة الفصائل التي لم تنطوي ولم تسلم اسلحتها لوزارة الدفاع سيخرج اليوم وزير الدفاع اللواء المهندس مرهف أبو قصرة في تمام الساعة 630 مساء بتوقيت دمشق بلقاء خاص على قناة الإخبارية السورية ــــــــــــــــــــــــــــ httpstmemq_qu,"●‏تزامناً مع انتهاء مهلة وزارة الدفاع لتسليم كافة أسلحة الفصائل التي لم تُنطوي ولم تسلم اسلحتها لوزارة الدفاع.. ،سيخرج اليوم وزير الدفاع اللواء المهندس مرهف أبو قصرة في تمام الساعة 6:30 مساءً بتوقيت دمشق بلقاء خاص على قناة الإخبارية السورية.
ــــــــــــــــــــــــــــ
https://t.me/MQ_QU",0.1851428747177124,negative
,Politics,telegram,MQ_QU,وزارة العدل تزعم توقيف المتورطين في حادث الاعتداء على القاضي أحمد حسكل في حلب اكدت وزارة العدل توقيف المتورطين في حادث الاعتداء على القاضي أحمد حسكل في حلب وفتح تحقيق عاجل وإحالة الملف إلى القضاء المختص لاتخاذ الإجراءات القانونية المناسبة وأوضحت الوزارة,●وزارة العدل تزعم توقيف المتورطين في حادث الاعتداء على القاضي أحمد حسكل في حلب اكدت وزارة العدل توقيف المتورطين في حادث الاعتداء على القاضي أحمد حسكل في حلب، وفُتح تحقيق عاجل، وإحالة الملف إلى القضاء المختص لاتخاذ الإجراءات القانونية المناسبة. وأوضحت الوزارة…,0.2519005537033081,negative
,Politics,telegram,MQ_QU,بدأ تجمع المواطنين امام القصر العدلي في حلب للمطالبة باخلاء سبيل عبيدة طحان رئيس قسم الصالحين بمدينة حلب بعد اعتقاله بسبب تهمة ضربه للقاضي احمد حسكل ــــــــــــــــــــــــــــ httpstmemq_qu,"●بدأ تجمع المواطنين امام القصر العدلي في حلب للمطالبة باخلاء سبيل عبيدة طحان رئيس قسم الصالحين بمدينة حلب بعد اعتقاله بسبب تهمة ضربه للقاضي احمد حسكل.
ــــــــــــــــــــــــــــ
https://t.me/MQ_QU",0.4178926348686218,negative
,Politics,telegram,MQ_QU,بدأ تجمع المواطنين امام القصر العدلي في حلب للمطالبة باخلاء سبيل عبيدة طحان رئيس قسم الصالحين بمدينة حلب بعد اعتقاله بسبب تهمة ضربه للقاضي احمد حسكل ــــــــــــــــــــــــــــ httpstmemq_qu,●بدأ تجمع المواطنين امام القصر العدلي في حلب للمطالبة باخلاء سبيل عبيدة طحان رئيس قسم الصالحين بمدينة حلب بعد اعتقاله بسبب تهمة ضربه للقاضي احمد حسكل. ــــــــــــــــــــــــــــ https://t.me/MQ_QU,0.4178926348686218,negative
,Politics,telegram,MQ_QU,مظاهرة أمام قصر العدل في حلب تطالب بإقالة قضاة متهمين بالتبعية للنظام البائد واطلاق سراح عبيدة طحان ــــــــــــــــــــــــــــ httpstmemq_qu,"●مظاهرة أمام قصر العدل في حلب تطالب بإقالة قضاة متهمين بالتبعية للنظام البائد، واطلاق سراح عبيدة طحان.
ــــــــــــــــــــــــــــ
https://t.me/MQ_QU",0.17160284519195557,negative
,Politics,telegram,MQ_QU,بدأ اللقاء الخاص مع وزير الدفاع,بدأ اللقاء الخاص مع وزير الدفاع.,0.3993360996246338,negative
,Politics,telegram,MQ_QU,وزير الدفاع اللواء المهندس مرهف أبو قصرة في لقاء خاص مع قناة الإخبارية السورية صورة وسمعة الجيش السوري السابق مشوهة بسبب ما قام به من جرائم بحق الشعب السوري ونحن اليوم نسعى لترميم هذه الفجوة بين الجيش والشعب ــــــــــــــــــــــــــــ httpstmemq_qu,"●وزير الدفاع اللواء المهندس مرهف أبو قصرة في لقاء خاص مع قناة الإخبارية السورية: صورة وسمعة الجيش السوري السابق مشوهة بسبب ما قام به من جرائم بحق الشعب السوري، ونحن اليوم نسعى لترميم هذه الفجوة بين الجيش والشعب.
ــــــــــــــــــــــــــــ
https://t.me/MQ_QU",0.20446622371673584,negative
,Politics,telegram,MQ_QU,وزير الدفاع التقينا حوالي 130 فصيلا لمناقشة الهيكلية الجديدة للجيش وحققنا نجاحا كبيرا في عملية دمجها ضمن الوزارة ــــــــــــــــــــــــــــ httpstmemq_qu,"●وزير الدفاع: التقينا حوالي 130 فصيلاً لمناقشة الهيكلية الجديدة للجيش وحققنا نجاحاً كبيراً في عملية دمجها ضمن الوزارة.
ــــــــــــــــــــــــــــ
https://t.me/MQ_QU",0.19366955757141113,negative
,Politics,telegram,MQ_QU,وزير الدفاع التقينا حوالي 130 فصيلا لمناقشة الهيكلية الجديدة للجيش وحققنا نجاحا كبيرا في عملية دمجها ضمن الوزارة ــــــــــــــــــــــــــــ httpstmemq_qu,●وزير الدفاع: التقينا حوالي 130 فصيلاً لمناقشة الهيكلية الجديدة للجيش وحققنا نجاحاً كبيراً في عملية دمجها ضمن الوزارة. ــــــــــــــــــــــــــــ https://t.me/MQ_QU,0.19366955757141113,negative
,Politics,telegram,MQ_QU,وزير الدفاع لن نسمح لأي أحد أن يكون خارج سلطة وزارة الدفاع ــــــــــــــــــــــــــــ httpstmemq_qu,"●وزير الدفاع: لن نسمح لأي أحد أن يكون خارج سلطة وزارة الدفاع.
ــــــــــــــــــــــــــــ
https://t.me/MQ_QU",0.20118945837020874,negative
,Politics,telegram,MQ_QU,وزير الدفاع نتعاون مع وزارة الداخلية في ملاحقة فلول النظام وضبط السلاح وحصره بيد الدولة ومنع أي تعديات أو تجاوزات على الشعب السوري ــــــــــــــــــــــــــــ httpstmemq_qu,"●وزير الدفاع: نتعاون مع وزارة الداخلية في ملاحقة فلول النظام وضبط السلاح وحصره بيد الدولة ومنع أي تعديات أو تجاوزات على الشعب السوري.
ــــــــــــــــــــــــــــ
https://t.me/MQ_QU",0.19254064559936523,negative
,Politics,telegram,MQ_QU,وزير الدفاع نعمل على تنظيم القوات المسلحة وتفعيل الضباط والعسكريين ضمن وزارة الدفاع الأمر الذي يحقق كفاءة هذه القوات والعمل المؤسساتي ــــــــــــــــــــــــــــ httpstmemq_qu,"●وزير الدفاع: نعمل على تنظيم القوات المسلحة وتفعيل الضباط والعسكريين ضمن وزارة الدفاع الأمر الذي يحقق كفاءة هذه القوات والعمل المؤسساتي.
ــــــــــــــــــــــــــــ
https://t.me/MQ_QU",0.24351048469543457,negative
,Politics,telegram,MQ_QU,وزير الدفاع نعمل على صيانة المنشآت التعليمية العسكرية حتى تكون جاهزة لاستقبال منتسبي القوات المسلحة ــــــــــــــــــــــــــــ httpstmemq_qu,"●وزير الدفاع: نعمل على صيانة المنشآت التعليمية العسكرية حتى تكون جاهزة لاستقبال منتسبي القوات المسلحة.
ــــــــــــــــــــــــــــ
https://t.me/MQ_QU",0.22997832298278809,negative
,Politics,telegram,MQ_QU,وزير الدفاع الضباط المنشقون حريصون على بناء القوات المسلحة وعلى خدمة البلد ونعمل على استقطابهم ــــــــــــــــــــــــــــ httpstmemq_qu,"●وزير الدفاع: الضباط المنشقون حريصون على بناء القوات المسلحة وعلى خدمة البلد ونعمل على استقطابهم.
ــــــــــــــــــــــــــــ
https://t.me/MQ_QU",0.2425445318222046,negative
,Politics,telegram,MQ_QU,وزير الدفاع سنبني جيشا له عقيدة عسكرية وطنية تحمي الشعب السوري نريد جيشا تطوعيا محترفا حتى يأتي إليه جنود مخلصون ــــــــــــــــــــــــــــ httpstmemq_qu,"●وزير الدفاع: سنبني جيشاً له عقيدة عسكرية وطنية تحمي الشعب السوري.

نريد جيشاً تطوعياً محترفاً حتى يأتي إليه جنود مخلصون.
ــــــــــــــــــــــــــــ
https://t.me/MQ_QU",0.2534303665161133,negative
,Politics,telegram,MQ_QU,وزير الدفاع القادة العسكريون في الثورة سيلتحقون بالكلية العسكرية قبل منحهم الرتب في الجيش ــــــــــــــــــــــــــــ httpstmemq_qu,"●وزير الدفاع: القادة العسكريون في الثورة سيلتحقون بالكلية العسكرية قبل ‏منحهم الرتب في الجيش.
ــــــــــــــــــــــــــــ
https://t.me/MQ_QU",0.2561621069908142,negative
,Politics,telegram,MQ_QU,وزير الدفاع بعد إعلان مهلة العشرة أيام التحقت بعض المجموعات الصغيرة بوزارة الدفاع حققنا نجاحا في الفترة الماضية واستطعنا ضم جميع الفصائل إلى الوزارة ــــــــــــــــــــــــــــ httpstmemq_qu,"●وزير الدفاع:

بعد إعلان مهلة العشرة أيام التحقت بعض المجموعات ‏الصغيرة بوزارة الدفاع.

حققنا نجاحاً في الفترة الماضية واستطعنا ضم جميع الفصائل ‏إلى الوزارة.
ــــــــــــــــــــــــــــ
https://t.me/MQ_QU",0.219682514667511,negative
,Politics,telegram,MQ_QU,وزير الدفاع وجود السلاح خارج سلطة الدولة لا يساعد على تحقيق الاستقرار نقوم بخطوات مدروسة لنقل الجيش من الحالة الثورية إلى الحالة المؤسساتية وضعنا معايير عدة للانتساب إلى الجيش منها البنية السليمة وحسن السلوك والشهادة العلمية بعد صدور نتائج الثانوية سنعلن عن استقبال طلبات الانتساب للكلية الحربية نشكر السوريين في الداخل والخارج وذوي الشهداء والجرحى على ما قدموا وضحوا في سبيل إحقاق الحق وإسقاط النظام البائد اخترنا أن يكون الجيش تطوعيا وليس إجباريا كي ﻻ يلتحق به إﻻ الجنود المخلصون الجيش لن يسمح لأي جهة كانت بأن تعبث بحقوق وأمن الشعب السوري ــــــــــــــــــــــــــــ httpstmemq_qu,"●وزير الدفاع:

وجود السلاح خارج سلطة الدولة لا يساعد على تحقيق الاستقرار.

نقوم بخطوات مدروسة لنقل الجيش من الحالة الثورية إلى الحالة المؤسساتية.

وضعنا معايير عدة للانتساب إلى الجيش منها البنية السليمة وحسن السلوك والشهادة العلمية.

بعد صدور نتائج الثانوية سنعلن عن استقبال طلبات الانتساب للكلية الحربية.

نشكر السوريين في الداخل والخارج وذوي الشهداء والجرحى على ما قدموا وضحوا في سبيل إحقاق الحق وإسقاط النظام البائد.

اخترنا أن يكون الجيش تطوعياً وليس إجبارياً كي ﻻ يلتحق ‏به إﻻ الجنود المخلصون.

الجيش لن يسمح لأي جهة كانت بأن تعبث بحقوق وأمن الشعب السوري.
ــــــــــــــــــــــــــــ
https://t.me/MQ_QU",0.1745229959487915,negative
,Politics,telegram,MQ_QU,وزير دفاع لدينا خطة لجمع السلاح من أجل ضمان الأمن والاستقرار في البلاد استحدثنا 10 كليات عسكرية بمختلف التخصصات انتهينا من مرحلة نقل القطع العسكرية لوزارة الدفاع والمرحلة التالية هي تنظيم القوات المسلحة ــــــــــــــــــــــــــــ httpstmemq_qu,"●وزير دفاع: لدينا خطة لجمع السلاح من أجل ضمان الأمن والاستقرار في البلاد.

استحدثنا 10 كليات عسكرية بمختلف التخصصات.

انتهينا من مرحلة نقل القطع العسكرية لوزارة الدفاع والمرحلة التالية هي تنظيم القوات المسلحة.
ــــــــــــــــــــــــــــ
https://t.me/MQ_QU",0.2344028353691101,negative
,Politics,telegram,MQ_QU,وزير الدفاع المهلة التي تم إطلاقها لتسليم السلاح لاتشمل شمال شرق سوريا لأن المنطقة لها اتفاق ومسار مختلف في التسليم ــــــــــــــــــــــــــــ httpstmemq_qu,"●وزير الدفاع: المهلة التي تم إطلاقها لتسليم السلاح لاتشمل شمال شرق سوريا لأن المنطقة لها اتفاق ومسار مختلف في التسليم.
ــــــــــــــــــــــــــــ
https://t.me/MQ_QU",0.23363715410232544,negative
2025-05-26T19:16:13+00:00,Politics,telegram,MQ_QU,مصادر محلية 6 اشخاص بين قتلى وجرحى بينهم نساء ومعظمهم من عائلة واحد في منطقة مشقيتا بريف اللاذقية الشمالي بسبب اطلاق النار عليهم من قبل مسلحين ــــــــــــــــــــــــــــ httpstmemq_qu,"●مصادر محلية: 6 اشخاص بين قتلى وجرحى بينهم نساء ومعظمهم من عائلة واحد في منطقة مشقيتا بريف اللاذقية الشمالي بسبب اطلاق النار عليهم من قبل مُسلحين.
ــــــــــــــــــــــــــــ
https://t.me/MQ_QU",0.28019028902053833,negative
2025-05-26T19:09:21+00:00,Politics,telegram,MQ_QU,المتحدث باسم وزارة الداخلية التنسيق مع دول الجوار في تزايد لمكافحة التنظيم وكبح محاولات تهريب الأسلحة والمخدرات إيران كانت أبرز داعمي عمليات تهريب السلاح والمخدرات عبر وكلائها بالمنطقة من ميليشيات طائفية ــــــــــــــــــــــــــــ httpstmemq_qu,"●المتحدث باسم وزارة الداخلية:

التنسيق مع دول الجوار في تزايد لمكافحة التنظيم وكبح محاولات تهريب الأسلحة والمخدرات.

إيران كانت أبرز داعمي عمليات تهريب السلاح والمخدرات عبر وكلائها بالمنطقة من ميليشيات طائفية.
ــــــــــــــــــــــــــــ
https://t.me/MQ_QU",0.2541883587837219,negative
2025-05-26T19:08:31+00:00,Politics,telegram,MQ_QU,المتحدث باسم وزارة الداخلية الضباط المنشقون ركن أساسي في الدولة السورية الجديدة ــــــــــــــــــــــــــــ httpstmemq_qu,"●المتحدث باسم وزارة الداخلية: الضباط المنشقون ركن أساسي في الدولة السورية الجديدة.
ــــــــــــــــــــــــــــ
https://t.me/MQ_QU",0.31564176082611084,negative
2025-05-26T19:06:03+00:00,Politics,telegram,MQ_QU,المتحدث باسم وزارة الداخلية العملية الأمنية الأخيرة ضد التنظيم شاركت بها عدة أجهزة أمنية كافة الإدارات الأمنية في مختلف المحافظات تعمل كفريق واحد ننسق مع الدول المجاورة لمكافحة التنظيم العابر للحدود سوريا عقدت اجتماعا مع الأجهزة الأمنية في الدول المجاورة لها مؤخرا ــــــــــــــــــــــــــــ httpstmemq_qu,"●المتحدث باسم وزارة الداخلية:

العملية الأمنية الأخيرة ضد التنظيم شاركت بها عدة أجهزة أمنية.

كافة الإدارات الأمنية في مختلف المحافظات تعمل كفريق واحد.

ننسق مع الدول المجاورة لمكافحة التنظيم العابر للحدود.

سوريا عقدت اجتماعاً مع الأجهزة الأمنية في الدول المجاورة لها مؤخراً.
ــــــــــــــــــــــــــــ
https://t.me/MQ_QU",0.22422313690185547,negative
2025-05-26T19:04:43+00:00,Politics,telegram,MQ_QU,المتحدث باسم وزارة الداخلية تنظيم داعش عاود الظهور مجددا عقب سقوط النظام البائد واستولى على أسلحة من مخلفاته التنظيم حاول التسلل إلى المواقع العسكرية التابعة لوزارة الدفاع التنظيم سعى إلى ضم عناصر من فلول النظام البائد ــــــــــــــــــــــــــــ httpstmemq_qu,"●المتحدث باسم وزارة الداخلية:

تنظيم ""داعش"" عاود الظهور مجدداً عقب سقوط النظام البائد واستولى على أسلحة من مخلفاته.

التنظيم حاول التسلل إلى المواقع العسكرية التابعة لوزارة الدفاع.

التنظيم سعى إلى ضم عناصر من فلول النظام البائد.
ــــــــــــــــــــــــــــ
https://t.me/MQ_QU",0.24631774425506592,negative
