"Tweet ID","Tweet Text","Type","Author Name","Author Username","Creation Time","Reply Count","Retweet Count","Quote Count","Like Count","View Count","Bookmark Count","Language","Possibly Sensitive","Source","Hashtags","Tweet URL","Media Type","Media URLs","External URLs"
"=""1951393304488341658""","لك أن تتصور بأن رسم شنب على وجه إرهابي شبيح يثير الجدل بينما التمثيل بالجثث بعد الغدر لا يشكل أي فارق ؟!!
نعم هي انحطاط المعايير لا ازدواجها
#السويداء #حلب #دمشق #سوريا https://t.co/AqMDbCf8pG","Tweet","أحمد المحاميد","SYR18_3","8/2/2025, 12:23:13 AM","1","1","0","5","63","0","ar","No","Twitter for Android","#السويداء, #حلب, #دمشق, #سوريا","https://x.com/SYR18_3/status/1951393304488341658","photo","https://pbs.twimg.com/media/GxS92-XXEAAUfaw.jpg, https://pbs.twimg.com/media/GxS92-ZX0AA79PS.jpg",""
"=""1951373907245633883""","🎓✨ تهنئة وتقدير من تجمّع طلاب كفرنبودة
بكل فخر واعتزاز نُبارك لابننا المجتهد:
أحمد عبدالرزاق شاهين
خريج إدارة أعمال
عن جامعة حلب الحرة، حلب / إعزاز – سوريا
خطا بثبات نحو النجاح، وحصد ثمرة الكفاح، وها هو اليوم يُتوّج مسيرته العلمية بالوصول إلى خط التخرج، 
مبارك لك هذا الإنجاز. https://t.co/xS47eKqvbf","Tweet","تجمع طلاب كفرنبودة","kafrnabuda_2025","8/1/2025, 11:06:08 PM","0","0","0","0","28","0","ar","No","Twitter for Android","","https://x.com/kafrnabuda_2025/status/1951373907245633883","photo","https://pbs.twimg.com/media/GxSsOl2WcAERBu-.jpg",""
"=""1951367858761469960""","بعد انقطاع 14 عاماً.. أول رحلة تركية تصل مطار حلب

#سوريا 
#تركيا 
#مطار_حلب 
#نبض_الشام 

https://t.co/Xfv3cg7kME","Tweet","نبض الشام","AlshamNabad","8/1/2025, 10:42:06 PM","0","0","0","1","14","0","ar","No","Twitter Web App","#سوريا, #تركيا, #مطار_حلب, #نبض_الشام","https://x.com/AlshamNabad/status/1951367858761469960","","","https://n9.cl/1wb192"
"=""1951384716277666019""","كذاب متل هاد قرد ما شفت 🤣
لك الله يلعنك …

#سوريا #سوريا_الان #الباب_حلب #حلب #حلب_تباد #سوريا_الجديدة https://t.co/suUvQ3gXcw","Tweet","Simko","SimkoAxa","8/1/2025, 11:49:05 PM","0","0","0","0","22","0","ar","No","Twitter for iPhone","#سوريا, #سوريا_الان, #الباب_حلب, #حلب, #حلب_تباد, #سوريا_الجديدة","https://x.com/SimkoAxa/status/1951384716277666019","photo","https://pbs.twimg.com/media/GxS2DlOXoAAHl9l.jpg",""
"=""1951379918111060127""","قتل طفلان شقيقان، الجمعة، إثر انفجار لغم أرضي من مخلفات الحرب بمحيط حرش قرية المقبلة شمال شرقي #حلب.

وقال ""الدفاع المدني السوري""، إن مخلفات الحرب والألغام في #سوريا تهدد السكان وتشكل خطراً دائماً على حياة المدنيين، وتعيق عودة المهجرين  وتعافي المجتمعات. 
#الشرق_سوريا https://t.co/N69bgBT4LS","Tweet","الشرق للأخبار - سوريا","AsharqNewsSYR","8/1/2025, 11:30:02 PM","0","0","0","2","256","0","ar","No","Sprinklr Publishing","#حلب, #سوريا, #الشرق_سوريا","https://x.com/AsharqNewsSYR/status/1951379918111060127","photo","https://pbs.twimg.com/media/GxSxsY9XEAEYea-.jpg",""
"=""1951377759537864849""","@AhmedRamadan_SY حتى عام ٢٠١١ بقيت حلب قلب الصناعة والإقتصاد في سوريا حتى سوريا كانت بألف خير حتى ذلك العام ، يعني بزمن الطغيان حسب ما تدعون . ما حل بسوريا العزيزة نتيجة ما طالبتم به.
اعتذروا اقله وكفكفوا دموعكم.","Reply","the Ace 1","theAce114","8/1/2025, 11:21:27 PM","3","0","0","0","244","0","ar","No","Twitter for Android","","https://x.com/theAce114/status/1951377759537864849","","",""
"=""1951377274067902965""","@jamharaa2 السبب هوه المستعمر لي قسمهم مثلاً اهل الجزيرة الفراتية شعب واحد بس تقسم بين سوريا والعراق اهل حوران هم واحد وي الاردن والجوف بس هم تقسمو اهل حلب هم واحد وي جنوب جبال طوروس لحد ميرسين بس نفس القصة تقسيم بتقسيم","Reply","مقتدى العطواني","iq_muqtada","8/1/2025, 11:19:31 PM","0","0","0","0","41","0","ar","No","Twitter for Android","","https://x.com/iq_muqtada/status/1951377274067902965","","",""
"=""1951376042096308612""","شاب سوري اسمه عمر خيري اتخطف في حلب واتعذّب علنيًا لأنه بيغني، على إيد ميليشيا.
مشهد مهين وبيأكد انهيار مفهوم الدولة في  سوريا.
ده كان ممكن يحصل في مصر وبدأ فعلاً قبل ما الجيش والشعب يوقفوه في  2012 الشيوخ اللي بتحلل الدم
الاخوان مكنوش بيحكمو الإخوان بيفككو الدول
#شبكة_ظرط https://t.co/5jCsDRokRM","Tweet","شبكة ظرط","ZartNewseg","8/1/2025, 11:14:37 PM","1","14","0","48","904","0","ar","No","Twitter for Android","#شبكة_ظرط","https://x.com/ZartNewseg/status/1951376042096308612","photo","https://pbs.twimg.com/media/GxSuK1BWMAAnDYR.jpg",""
"=""1951388609891725338""","و ربّ سيدنا محمّد صلّ الله عليه وسلم
خابوا وخسروا وسقطوا
#سوريا #دمشق #حلب #حمص #ادلب #درعا #دير_الزور #اللاذقية #الحسكة #الرقة #عين_العرب #حماة #القنيطرة #الحكومة_السورية #السويداء #طرطوس #قسد #سوريا_الان https://t.co/IzlkGSZUIz","Tweet","Alaauddein Alnasser","htbalaa","8/2/2025, 12:04:34 AM","0","0","0","0","56","0","ar","No","Twitter for Android","#سوريا, #دمشق, #حلب, #حمص, #ادلب, #درعا, #دير_الزور, #اللاذقية, #الحسكة, #الرقة, #عين_العرب, #حماة, #القنيطرة, #الحكومة_السورية, #السويداء, #طرطوس, #قسد, #سوريا_الان","https://x.com/htbalaa/status/1951388609891725338","photo","https://pbs.twimg.com/media/GxS5mWiWoAAo-O-.jpg",""
"=""1951372853770702914""","@almohammed_hiba الخط لكل سوريا بس بيمر من حلب في محطات رئيسية بحلب","Reply","علاء 🦅 { الشامي }","alosh_al1","8/1/2025, 11:01:57 PM","1","0","0","0","45","0","ar","No","Twitter for Android","","https://x.com/alosh_al1/status/1951372853770702914","","",""
"=""1951371869581615395""","الميثاق الملي كان يعتبر حلب وأجزاء من شمال سوريا وصولًا للموصل العراقية هي أراضي تُركية، وبالمناسبة يمكن لتركيا ابتلاع كل تلك المساحة حاليًا ولا يوجد أي قوة على الأرض يمكنها منعها. جزء كبير ممن يطلق عليه جيش سوري حاليًا هو ميليشيات مرتبها ولبسها وسلاحها تركي وانضوائهم تحت سيطرة","Tweet","N0R","N0R_OM","8/1/2025, 10:58:03 PM","0","0","0","1","477","2","ar","No","Twitter for iPhone","","https://x.com/N0R_OM/status/1951371869581615395","","",""
"=""1951318972172849548""","https://t.co/YuaVRyiaMb","Quoted tweet","المرصد السوري لحقوق الإنسان","syriahr","8/1/2025, 7:27:51 PM","0","3","28","149","30378","8","zxx","No","Twitter Web App","","https://x.com/syriahr/status/1951318972172849548","photo","https://pbs.twimg.com/media/GxR6N-kXwAAv0FB.jpg",""
"=""1951371289928802488""","@AbdulganiXsy نعم حلب خاصرة سوريا الاقتصادية","Reply","علاء 🦅 { الشامي }","alosh_al1","8/1/2025, 10:55:44 PM","0","0","0","1","77","0","ar","No","Twitter for Android","","https://x.com/alosh_al1/status/1951371289928802488","","",""
"=""1951371167752921223""","😱🔥 اسرار اجتماع أحمد الشرع بماهر ، قبل أجتماع الحكومة في روسيا 😱
 #أحمد_الشرع #مرهف_أبو_قصرة #أسعد_الشيباني #دمشق #سوريا #ماهر_الشرع #روسيا  #ماهر_الاسد #حلب #الدروز #الساحل_السوري #الكورد https://t.co/SZGTUR59j4","Tweet","أبا القاسم الألماني","Aba_alkasem_7","8/1/2025, 10:55:15 PM","0","0","0","0","63","0","ar","No","Twitter for iPhone","#أحمد_الشرع, #مرهف_أبو_قصرة, #أسعد_الشيباني, #دمشق, #سوريا, #ماهر_الشرع, #روسيا, #ماهر_الاسد, #حلب, #الدروز, #الساحل_السوري, #الكورد","https://x.com/Aba_alkasem_7/status/1951371167752921223","video","https://video.twimg.com/amplify_video/1951371021564411904/vid/avc1/1280x720/zNltoZaJrTQ1Zwp4.mp4?tag=21",""
"=""1951370160658657596""","لما تكون جحش ومجحش وحمار وتجيب تحليلات من مؤخرتك اخر الليل 

يقلك أمريكا اغلقت .. وامريكا تريد رئيس مسلم موحد سني وما بدها مشركين 🤣🤣🤣🤣🤣🤣🤣🤣🤣🤣🤣🤣

يا عفو الله اذا الدكاترة هيك مخهم كيف البقر 🤣🤣
#سوريا #أمريكا #حلب #حمص #دمشق","Tweet","AbuRami SYR","SYR_USA","8/1/2025, 10:51:15 PM","1","0","0","9","264","0","ar","No","Twitter for Android","#سوريا, #أمريكا, #حلب, #حمص, #دمشق","https://x.com/SYR_USA/status/1951370160658657596","","",""
"=""1951354319791595886""","مصير الرئيس الشرع : 
ألاحظ الكثير يذكرون بأن أيام الشرع معدودة و يؤلفون قصص و روايات و إجابتي هي : 
1_ الشرع هو ضمن مشروع دولي اسمه "" التحالف الإسلامي الغربي "" وهذا التحالف بدأ منذ تاريخ 08.12.2024 و سوف يستمر مدة 75 سنة ومهما تغيرت القيادات و الحكومات سيبقى هذا المشروع.
وسيتم","Quoted tweet","Dr.Ismaeil ALtourad","DrAltourad","8/1/2025, 9:48:18 PM","70","77","6","758","57957","84","ar","No","Twitter for iPhone","","https://x.com/DrAltourad/status/1951354319791595886","","",""
"=""1951369449870971066""","غداً حفل افتتاح خط أنابيب الغاز الطبيعي بين تركيا و سوريا و هو الغاز القادم من اذربيجان مرورا بكلس التركية و وصولا الى حلب.
#سوريا_الجديدة https://t.co/QHyjfq3l8N","Tweet","علاء 🦅 { الشامي }","alosh_al1","8/1/2025, 10:48:26 PM","7","2","0","42","909","2","ar","No","Twitter for Android","#سوريا_الجديدة","https://x.com/alosh_al1/status/1951369449870971066","photo","https://pbs.twimg.com/media/GxSoLDGXoAEtdwu.jpg",""
"=""1951385960064712959""","مزلوم عبدي صار يلعب سياسية على الشرع ههههههههههه

الدنيا مسخرة والله 
#سوريا #قسد #حلب #درعا","Tweet","AbuRami SYR","SYR_USA","8/1/2025, 11:54:02 PM","0","1","0","5","129","0","ar","No","Twitter Web App","#سوريا, #قسد, #حلب, #درعا","https://x.com/SYR_USA/status/1951385960064712959","","",""
"=""1951378904360313141""","⚠️ عاجل ⚠️
مظلوم عبدي في مقابلة صحفية جديدة:

📌 اقتراح إنشاء مجالس إقليمية منتخبة لإدارة المناطق
📌 تجربة الإدارة الذاتية في شمال وشرق سوريا نموذج إيجابي لإعادة الإعمار وتوفير الأمن. 
📌سوريا تحتاج إلى نظام ديمقراطي لامركزي لتحقيق الديمقراطية
📌 هناك تحديات أمنية كبيرة بسبب","Quoted tweet","منصة تحقق","syrianFactCheck","8/1/2025, 11:26:00 PM","37","1","4","96","9057","4","ar","No","Twitter for Android","","https://x.com/syrianFactCheck/status/1951378904360313141","","",""
"=""1951384716277666019""","كذاب متل هاد قرد ما شفت 🤣
لك الله يلعنك …

#سوريا #سوريا_الان #الباب_حلب #حلب #حلب_تباد #سوريا_الجديدة https://t.co/suUvQ3gXcw","Tweet","Simko","SimkoAxa","8/1/2025, 11:49:05 PM","0","0","0","0","22","0","ar","No","Twitter for iPhone","#سوريا, #سوريا_الان, #الباب_حلب, #حلب, #حلب_تباد, #سوريا_الجديدة","https://x.com/SimkoAxa/status/1951384716277666019","photo","https://pbs.twimg.com/media/GxS2DlOXoAAHl9l.jpg",""
"=""1951367858761469960""","بعد انقطاع 14 عاماً.. أول رحلة تركية تصل مطار حلب

#سوريا 
#تركيا 
#مطار_حلب 
#نبض_الشام 

https://t.co/Xfv3cg7kME","Tweet","نبض الشام","AlshamNabad","8/1/2025, 10:42:06 PM","0","0","0","1","14","0","ar","No","Twitter Web App","#سوريا, #تركيا, #مطار_حلب, #نبض_الشام","https://x.com/AlshamNabad/status/1951367858761469960","","","https://n9.cl/1wb192"
"=""1951377759537864849""","@AhmedRamadan_SY حتى عام ٢٠١١ بقيت حلب قلب الصناعة والإقتصاد في سوريا حتى سوريا كانت بألف خير حتى ذلك العام ، يعني بزمن الطغيان حسب ما تدعون . ما حل بسوريا العزيزة نتيجة ما طالبتم به.
اعتذروا اقله وكفكفوا دموعكم.","Reply","the Ace 1","theAce114","8/1/2025, 11:21:27 PM","3","0","0","0","244","0","ar","No","Twitter for Android","","https://x.com/theAce114/status/1951377759537864849","","",""
"=""1951377274067902965""","@jamharaa2 السبب هوه المستعمر لي قسمهم مثلاً اهل الجزيرة الفراتية شعب واحد بس تقسم بين سوريا والعراق اهل حوران هم واحد وي الاردن والجوف بس هم تقسمو اهل حلب هم واحد وي جنوب جبال طوروس لحد ميرسين بس نفس القصة تقسيم بتقسيم","Reply","مقتدى العطواني","iq_muqtada","8/1/2025, 11:19:31 PM","0","0","0","0","41","0","ar","No","Twitter for Android","","https://x.com/iq_muqtada/status/1951377274067902965","","",""
"=""1951376042096308612""","شاب سوري اسمه عمر خيري اتخطف في حلب واتعذّب علنيًا لأنه بيغني، على إيد ميليشيا.
مشهد مهين وبيأكد انهيار مفهوم الدولة في  سوريا.
ده كان ممكن يحصل في مصر وبدأ فعلاً قبل ما الجيش والشعب يوقفوه في  2012 الشيوخ اللي بتحلل الدم
الاخوان مكنوش بيحكمو الإخوان بيفككو الدول
#شبكة_ظرط https://t.co/5jCsDRokRM","Tweet","شبكة ظرط","ZartNewseg","8/1/2025, 11:14:37 PM","1","14","0","48","904","0","ar","No","Twitter for Android","#شبكة_ظرط","https://x.com/ZartNewseg/status/1951376042096308612","photo","https://pbs.twimg.com/media/GxSuK1BWMAAnDYR.jpg",""
"=""1951373907245633883""","🎓✨ تهنئة وتقدير من تجمّع طلاب كفرنبودة
بكل فخر واعتزاز نُبارك لابننا المجتهد:
أحمد عبدالرزاق شاهين
خريج إدارة أعمال
عن جامعة حلب الحرة، حلب / إعزاز – سوريا
خطا بثبات نحو النجاح، وحصد ثمرة الكفاح، وها هو اليوم يُتوّج مسيرته العلمية بالوصول إلى خط التخرج، 
مبارك لك هذا الإنجاز. https://t.co/xS47eKqvbf","Tweet","تجمع طلاب كفرنبودة","kafrnabuda_2025","8/1/2025, 11:06:08 PM","0","0","0","0","28","0","ar","No","Twitter for Android","","https://x.com/kafrnabuda_2025/status/1951373907245633883","photo","https://pbs.twimg.com/media/GxSsOl2WcAERBu-.jpg",""
"=""1951372853770702914""","@almohammed_hiba الخط لكل سوريا بس بيمر من حلب في محطات رئيسية بحلب","Reply","علاء 🦅 { الشامي }","alosh_al1","8/1/2025, 11:01:57 PM","1","0","0","0","45","0","ar","No","Twitter for Android","","https://x.com/alosh_al1/status/1951372853770702914","","",""
"=""1951371869581615395""","الميثاق الملي كان يعتبر حلب وأجزاء من شمال سوريا وصولًا للموصل العراقية هي أراضي تُركية، وبالمناسبة يمكن لتركيا ابتلاع كل تلك المساحة حاليًا ولا يوجد أي قوة على الأرض يمكنها منعها. جزء كبير ممن يطلق عليه جيش سوري حاليًا هو ميليشيات مرتبها ولبسها وسلاحها تركي وانضوائهم تحت سيطرة","Tweet","N0R","N0R_OM","8/1/2025, 10:58:03 PM","0","0","0","1","477","2","ar","No","Twitter for iPhone","","https://x.com/N0R_OM/status/1951371869581615395","","",""
"=""1951318972172849548""","https://t.co/YuaVRyiaMb","Quoted tweet","المرصد السوري لحقوق الإنسان","syriahr","8/1/2025, 7:27:51 PM","0","3","28","149","30378","8","zxx","No","Twitter Web App","","https://x.com/syriahr/status/1951318972172849548","photo","https://pbs.twimg.com/media/GxR6N-kXwAAv0FB.jpg",""
"=""1951371289928802488""","@AbdulganiXsy نعم حلب خاصرة سوريا الاقتصادية","Reply","علاء 🦅 { الشامي }","alosh_al1","8/1/2025, 10:55:44 PM","0","0","0","1","77","0","ar","No","Twitter for Android","","https://x.com/alosh_al1/status/1951371289928802488","","",""
"=""1951371167752921223""","😱🔥 اسرار اجتماع أحمد الشرع بماهر ، قبل أجتماع الحكومة في روسيا 😱
 #أحمد_الشرع #مرهف_أبو_قصرة #أسعد_الشيباني #دمشق #سوريا #ماهر_الشرع #روسيا  #ماهر_الاسد #حلب #الدروز #الساحل_السوري #الكورد https://t.co/SZGTUR59j4","Tweet","أبا القاسم الألماني","Aba_alkasem_7","8/1/2025, 10:55:15 PM","0","0","0","0","63","0","ar","No","Twitter for iPhone","#أحمد_الشرع, #مرهف_أبو_قصرة, #أسعد_الشيباني, #دمشق, #سوريا, #ماهر_الشرع, #روسيا, #ماهر_الاسد, #حلب, #الدروز, #الساحل_السوري, #الكورد","https://x.com/Aba_alkasem_7/status/1951371167752921223","video","https://video.twimg.com/amplify_video/1951371021564411904/vid/avc1/1280x720/zNltoZaJrTQ1Zwp4.mp4?tag=21",""
"=""1951370160658657596""","لما تكون جحش ومجحش وحمار وتجيب تحليلات من مؤخرتك اخر الليل 

يقلك أمريكا اغلقت .. وامريكا تريد رئيس مسلم موحد سني وما بدها مشركين 🤣🤣🤣🤣🤣🤣🤣🤣🤣🤣🤣🤣

يا عفو الله اذا الدكاترة هيك مخهم كيف البقر 🤣🤣
#سوريا #أمريكا #حلب #حمص #دمشق","Tweet","AbuRami SYR","SYR_USA","8/1/2025, 10:51:15 PM","1","0","0","9","266","0","ar","No","Twitter for Android","#سوريا, #أمريكا, #حلب, #حمص, #دمشق","https://x.com/SYR_USA/status/1951370160658657596","","",""
"=""1951354319791595886""","مصير الرئيس الشرع : 
ألاحظ الكثير يذكرون بأن أيام الشرع معدودة و يؤلفون قصص و روايات و إجابتي هي : 
1_ الشرع هو ضمن مشروع دولي اسمه "" التحالف الإسلامي الغربي "" وهذا التحالف بدأ منذ تاريخ 08.12.2024 و سوف يستمر مدة 75 سنة ومهما تغيرت القيادات و الحكومات سيبقى هذا المشروع.
وسيتم","Quoted tweet","Dr.Ismaeil ALtourad","DrAltourad","8/1/2025, 9:48:18 PM","70","77","6","758","57957","84","ar","No","Twitter for iPhone","","https://x.com/DrAltourad/status/1951354319791595886","","",""
"=""1951369449870971066""","غداً حفل افتتاح خط أنابيب الغاز الطبيعي بين تركيا و سوريا و هو الغاز القادم من اذربيجان مرورا بكلس التركية و وصولا الى حلب.
#سوريا_الجديدة https://t.co/QHyjfq3l8N","Tweet","علاء 🦅 { الشامي }","alosh_al1","8/1/2025, 10:48:26 PM","7","2","0","42","909","2","ar","No","Twitter for Android","#سوريا_الجديدة","https://x.com/alosh_al1/status/1951369449870971066","photo","https://pbs.twimg.com/media/GxSoLDGXoAEtdwu.jpg",""
"=""1951379918111060127""","قتل طفلان شقيقان، الجمعة، إثر انفجار لغم أرضي من مخلفات الحرب بمحيط حرش قرية المقبلة شمال شرقي #حلب.

وقال ""الدفاع المدني السوري""، إن مخلفات الحرب والألغام في #سوريا تهدد السكان وتشكل خطراً دائماً على حياة المدنيين، وتعيق عودة المهجرين  وتعافي المجتمعات. 
#الشرق_سوريا https://t.co/N69bgBT4LS","Tweet","الشرق للأخبار - سوريا","AsharqNewsSYR","8/1/2025, 11:30:02 PM","0","0","0","2","256","0","ar","No","Sprinklr Publishing","#حلب, #سوريا, #الشرق_سوريا","https://x.com/AsharqNewsSYR/status/1951379918111060127","photo","https://pbs.twimg.com/media/GxSxsY9XEAEYea-.jpg",""
"=""1951365979025580251""","#حلب 
مظاهرة مسائية في ساحة #سعد_الله_الجابري تطالب بـ وحدة الاراضي السورية وترفض التدخلات الخارجية بشوؤن #سوريا https://t.co/ILnGM97ySH","Tweet","Iyad","iyadalmugarabi","8/1/2025, 10:34:38 PM","0","0","0","1","62","0","ar","No","Twitter for iPhone","#حلب, #سعد_الله_الجابري, #سوريا","https://x.com/iyadalmugarabi/status/1951365979025580251","video","https://video.twimg.com/amplify_video/1951365912507883520/vid/avc1/640x360/VkYU2el3Uh3lxCMS.mp4?tag=21",""
"=""1951361291957793204""","ياريت سوريا كلها حلب كنا بلشنا إعمار من قبل ما يسقط النظام والله","Tweet","محمود 𝙼𝙰𝙷𝙼𝙾𝚄𝙳","ma534haz","8/1/2025, 10:16:01 PM","5","0","0","15","406","0","ar","No","Twitter for Android","","https://x.com/ma534haz/status/1951361291957793204","","",""
"=""1951359913185231162""","🔸نفت وزارة الداخلية السورية، مسؤولية الأمن الداخلي عما تعرض له المطرب الحلبي #عمر_خيري من إذلال في مدينة الباب بريف #حلب.

🔸وتداول عدد من النشطاء مقاطع فيديو تظهر المطرب عمر خيري وهو يتعرض للامتهان من قبل عدد من الأشخاص زعم المدونون أنهم من الأمن العام السوري.

#إرم_نيوز #سوريا https://t.co/VnZjYo839W","Tweet","Erem News - إرم نيوز","EremNews","8/1/2025, 10:10:32 PM","1","0","0","1","1035","0","ar","No","Twitter Web App","#عمر_خيري, #حلب, #إرم_نيوز, #سوريا","https://x.com/EremNews/status/1951359913185231162","photo","https://pbs.twimg.com/media/GxSXwDSXQAAdOuR.jpg",""
"=""1951358591258001906""","@Haddad_Noor @SyMOIGov @SyPresidency تكلمي عن سوريا قبل ٢٠١١ 

قبل غزو المغول تحت المعارضة 

قبل توغل الفكر الاخواني والسلفي 

قبل قدوم الشيشاني والكازاخستاني 

قبل المال القطر والتركي

اتكلمي عن سوريا العربية ومصانع حلب قبل ٢٠١١

كوني منصفه يا إمعه

التاريخ لن يرحمكم","Reply","Ben Ahmed","alqasmbnmhmd2","8/1/2025, 10:05:17 PM","0","0","0","1","13","0","ar","No","Twitter for iPhone","","https://x.com/alqasmbnmhmd2/status/1951358591258001906","","",""
"=""1951355967649751417""","نفى المتحدث باسم وزارة الداخلية نور الدين البابا بشكل قاطع ما يُتداول على مواقع التواصل حول تعرض مطرب شعبي للاعتداء من قبل عناصر الأمن العام في مدينة الباب بريف حلب وأكد أنه لا علاقة لأي جهة أمنية بالحادثة المذكورة.

#سوريا_الان","Tweet","شبكة غلوبال الإعلامية","GlobalSyria2020","8/1/2025, 9:54:51 PM","0","0","0","0","31","0","ar","No","Twitter for Android","#سوريا_الان","https://x.com/GlobalSyria2020/status/1951355967649751417","","",""
"=""1951349550989377861""","كرّم وزير الداخلية السوري الشرطي ""يوسف الأحمد"" لرفضه رشوة في حلب، مشيداً بسلوكه الذي يعكس نموذجاً إيجابياً لرجال المرور في سوريا، ودعا عناصر الشرطة للالتزام بالقانون وخدمة المواطنين بضمير. https://t.co/jnYwIfIX31","Tweet","يوسف ملا","Yusufmolla90","8/1/2025, 9:29:21 PM","0","0","0","0","34","0","ar","No","Twitter for Android","","https://x.com/Yusufmolla90/status/1951349550989377861","photo","https://pbs.twimg.com/media/GxSWExiXoAA5Kvr.jpg",""
"=""1951342504596341202""","✅ تنويه: الخبر صحيح 

🔍💻 كرّم وزير الداخلية أنس خطاب اليوم الجمعة الشرطي يوسف الأحمد في مدينة #حلب بعد رفضه تلقي رشوة من أحد المواطنين، مؤكدًا أن هذا السلوك يمثّل نموذجًا لما يجب أن يكون عليه رجل الشرطة في #سوريا الجديدة. وشدّد خطَّاب على أن الوزارة تدعم العناصر الملتزمين https://t.co/YesGUZza7r","Tweet","Kashaf - كشّاف","KashafFacts","8/1/2025, 9:01:21 PM","0","0","0","1","96","0","ar","No","Twitter for Android","#حلب, #سوريا","https://x.com/KashafFacts/status/1951342504596341202","photo","https://pbs.twimg.com/media/GxSPqWTWQAI1_1X.jpg",""
"=""1951353486995608010""","مقتل طفلين شقيقين بانفجار لغم أرضي شمال شرقي #حلب
#تلفزيون_سوريا #أخبار_سوريا
https://t.co/nAztkObJNz","Tweet","أخبار سوريا - SyriaNews","Syriatvnews","8/1/2025, 9:45:00 PM","1","0","0","0","626","0","ar","No","Twitter Web App","#حلب, #تلفزيون_سوريا, #أخبار_سوريا","https://x.com/Syriatvnews/status/1951353486995608010","","","https://www.syria.tv/%D9%85%D9%82%D8%AA%D9%84-%D8%B7%D9%81%D9%84%D9%8A%D9%86-%D8%B4%D9%82%D9%8A%D9%82%D9%8A%D9%86-%D8%A8%D8%A7%D9%86%D9%81%D8%AC%D8%A7%D8%B1-%D9%84%D8%BA%D9%85-%D8%A3%D8%B1%D8%B6%D9%8A-%D8%B4%D9%85%D8%A7%D9%84-%D8%B4%D8%B1%D9%82%D9%8A-%D8%AD%D9%84%D8%A8"
"=""1951352056612041156""","الحب افعال 🙏🏻🤷🏻‍♀️

#حلب #سوريا #سورية #aleppo #syria #Aleppo 
#بنت_حلب_الشهباء 👸🏻👑 https://t.co/vuRP9WYpJl","Tweet","Ranim Ranom","RanimHares","8/1/2025, 9:39:19 PM","0","0","0","0","42","0","ar","No","Twitter for Android","#حلب, #سوريا, #سورية, #aleppo, #syria, #Aleppo, #بنت_حلب_الشهباء","https://x.com/RanimHares/status/1951352056612041156","video","https://video.twimg.com/ext_tw_video/1951351953050554368/pu/vid/avc1/480x856/H8ffYOKLIXMO4my5.mp4?tag=12",""
"=""1951351650884657558""","يامية السلامة بهالقامة
وأخيراً تم تشغيل خط اسطنبول حلب
ستعود حلب تدريجياً لمكانها الطبيعي وإلى مكانتها كرافعة للاقتصاد في سوريا وسيصبح مطارها من أهم المطارات في المنطقة خلال خمسة سنوات بإذن الله.. تفاءلوا https://t.co/38LMNRE1Uz","Tweet","غسان ياسين Ghassan yassin","ghassanyasin","8/1/2025, 9:37:42 PM","3","3","1","68","9690","1","ar","No","Twitter for Android","","https://x.com/ghassanyasin/status/1951351650884657558","photo","https://pbs.twimg.com/media/GxSX-65XcAAJe2P.jpg",""
"=""1951350929564827990""","يبدو وحسب معلومات المتوارده أن تنظيم داعش قد أنهى تجهيز عدة سيارات مفخخة
الاهداف المرجحه للأستهداف #حلب بـ ريفها
ديرالزور ادلب دمشق هذه المحافظات هدف للمفخـ/ـخات خلال اليومين قادمات
#سوريا_الان 
يرجح استهداف بالوقت الحالي ريف حلب وادلب.","Tweet","امني","AMNE101","8/1/2025, 9:34:50 PM","0","0","0","0","29","0","ar","No","Twitter for Android","#حلب, #سوريا_الان","https://x.com/AMNE101/status/1951350929564827990","","",""
"=""1951350263006240996""","🔴 المتحدث باسم وزارة الداخلية نور الدين البابا ينفي ما يُتداول على مواقع التواصل حول تعرّض مطرب شعبي للاعتداء من قِبل عناصر الأمن الداخلي في مدينة الباب بريف حلب، ويؤكد أنه لا علاقة لأي جهة أمنية بالحادثة المذكورة.

#سوريا #هاشتاغ #حلب #الباب #وزارة_الداخلية","Tweet","هاشتاغ Hashtag","presshashtag","8/1/2025, 9:32:11 PM","0","0","0","0","41","0","ar","No","Twitter Web App","#سوريا, #هاشتاغ, #حلب, #الباب, #وزارة_الداخلية","https://x.com/presshashtag/status/1951350263006240996","","",""
"=""1951355063085179099""","@shahed_alep الحلبية اللي فاتحين مصانعهم برا حلب  المفروض يرجعوا كلهم 
لازم يتامن الهم كل لوازمهم و تصدر قوانين من الحكومة تساعدهم ليرجعوا يشتغلو حلب عصبها الرئيسي  الصناعة و اذا رجعت اشتغلت بتشغل سبعين بالمية من سوريا بدون مبالغة","Reply","🇸🇾🇸🇾KHALED SHARIF","Muhag_er","8/1/2025, 9:51:16 PM","1","0","0","0","75","0","ar","No","Twitter for Android","","https://x.com/Muhag_er/status/1951355063085179099","","",""
"=""1951348421539102962""","سوريا
حلب 
حفلة شركة الكهرباء القديمة 
💚💚💚💚💚💚💚💚💚 https://t.co/rlG8v2tKfg","Tweet","Sadee Sy","SadeeSy","8/1/2025, 9:24:52 PM","7","9","1","95","2467","4","ar","No","Twitter for iPhone","","https://x.com/SadeeSy/status/1951348421539102962","video","https://video.twimg.com/amplify_video/1951347911020720128/vid/avc1/888x1434/Y37em3OVdTbII4BE.mp4?tag=21",""
"=""1951345428567564787""","@joylahoud لا بدلكم من العوده الى سوريا من حيثوا اتيتم عبيد تعملون خدم في الزراعه وجلالات الحمير والكوي والدبس اقرأ التاريخ جيدا عن كل العاىلات التي أتت من حلب","Reply","Mahmoud Shamseddine","MahmoudSha92230","8/1/2025, 9:12:59 PM","0","0","0","0","8","0","ar","No","Twitter for Android","","https://x.com/MahmoudSha92230/status/1951345428567564787","","",""
"=""1951345101470572589""","بعد 14 عاماً من التوقف… مطار حلب الدولي يستقبل أول رحلة مباشرة من إسطنبول خاص- سوريا 24
https://t.co/Wv1iYLm9rH","Tweet","سوريا بلس | SY+","SY_plus","8/1/2025, 9:11:41 PM","0","0","0","1","313","0","ar","No","Twitter for iPhone","","https://x.com/SY_plus/status/1951345101470572589","","","https://www.sy-24.com/157220/"
"=""1951344723815178472""","@looool123lol فهمت البوست كتير غلط ياطائفي يامقيت!
قصدت هجرة الناس المعروفين يللي عليهن المجهر متل هالمطرب وغيرو. وهجرة مؤقتة بس لحتى مايتعرضو لهيك إهانات!
إنما الأرض لأبناءها!
حلب لأبناءها، والساحل لأبناءه وكل سوريا من درعا للحسكة: لأبناءها! وعليها يحيون ويموتون!
#سوريا_للسوري_ماهي_للجولاني✌️","Reply","Hanna Abdelazizهٓنٓــاء🕊️","FilledelAziz","8/1/2025, 9:10:11 PM","1","0","0","4","61","0","ar","No","Twitter for Android","#سوريا_للسوري_ماهي_للجولاني","https://x.com/FilledelAziz/status/1951344723815178472","","",""
"=""1951343876289208650""","@yas0000er من يقدم لسوريا الشيء الجميل يرحب به كائن من كان ، طالما يتعامل مع الدولة السورية ،تركيا اختلفنا معها أو اتفقنا لكنها دولة تعتبر سوريا موحده ذات سيادة هو حماية لأمنها القومي ، وتعمل من هذا المنظور بكل امكانيتها 
أضف إلى ذلك الترابط التاريخي الوثيق بين كلا من حلب وغازي عنتاب","Reply","كلاشنكوف - Kalashnikov","K_Abyn","8/1/2025, 9:06:48 PM","0","0","0","0","144","0","ar","No","Twitter for Android","","https://x.com/K_Abyn/status/1951343876289208650","","",""
"=""1951354745391611979""","ردود فعل غاضبة بعد اعتداء على مغنٍ في #حلب

#إرم_نيوز #سوريا https://t.co/yLiWLyBRHT","Tweet","Erem News - إرم نيوز","EremNews","8/1/2025, 9:50:00 PM","0","0","0","2","773","0","ar","No","Twitter Media Studio","#حلب, #إرم_نيوز, #سوريا","https://x.com/EremNews/status/1951354745391611979","video","https://video.twimg.com/amplify_video/1951344318087573504/vid/avc1/1080x1920/lY4yQvhsXMWTWwde.mp4?tag=21",""
"=""1951340123611877668""","@ramijolan87473 الفيديو يظهر اعتداءً وحشياً على عمر خيري من قبل مجموعة مسلحة في ريف حلب، ربما بسبب صلاته بالنظام السابق. هذا يعكس فوضى المناطق الخاضعة لفصائل المعارضة، حيث تفرض قوانين تعسفية تشبه داعش. مستقبل سوريا يبدو مظلماً إن لم يتم توحيد السيطرة وفرض القانون.","Reply","Grok","grok","8/1/2025, 8:51:54 PM","1","0","0","0","45","0","ar","No","Banners & Ads","","https://x.com/grok/status/1951340123611877668","","",""
"=""1951339097387311583""","كل مشاكل سوريا سببها الهجري 

الهجري هو ماسك كلسون الجولاني ومانعه من اصلاح وتخبيصات جماعته 

الله يلعنك يا هجري 

#سوريا #دمشق #حلب #السويداء #درعا #حمص","Tweet","AbuRami SYR","SYR_USA","8/1/2025, 8:47:49 PM","0","0","0","3","158","0","ar","No","Twitter Web App","#سوريا, #دمشق, #حلب, #السويداء, #درعا, #حمص","https://x.com/SYR_USA/status/1951339097387311583","","",""
"=""1951337106221178965""","ساحة الأمويين
الشعب يريد إعدام الهجري https://t.co/jeikRhGjXo","Quoted tweet","وَ ر د 🪄","ward_337","8/1/2025, 8:39:54 PM","17","60","6","510","10152","14","ar","No","Twitter for Android","","https://x.com/ward_337/status/1951337106221178965","video","https://video.twimg.com/ext_tw_video/1951337084465152001/pu/vid/avc1/480x848/5K5F_DJm-gMx6GW2.mp4?tag=12",""
"=""1951338496108491171""","بحضور أكثر من 100 شاب وشابة..
الفنانة السورية لين غريواتي تحيي أمسية موسيقية في مدينة #حلب
إعداد: عدنان الإمام 
#تلفزيون_سوريا #نيو_ميديا_سوريا https://t.co/zad61AIOYg","Tweet","تلفزيون سوريا","syr_television","8/1/2025, 8:45:26 PM","4","0","0","18","3488","2","ar","No","Twitter Media Studio","#حلب, #تلفزيون_سوريا, #نيو_ميديا_سوريا","https://x.com/syr_television/status/1951338496108491171","video","https://video.twimg.com/amplify_video/1951334515130941441/vid/avc1/1080x1920/C60WImmvMKJBjARP.mp4?tag=21",""
"=""1951338262200545652""","قتلت قوات التحالف من وصفته بالقيادي في التنظيم داخل مدينة #الباب شمال #حلب ما طرح تساؤلات حول التنسيق الأمني مع #دمشق!
https://t.co/jR1gBIHdQm
#سوريا","Tweet","Moumin Sawady مؤمن السوادي","SawadyM","8/1/2025, 8:44:30 PM","0","0","0","0","11","0","ar","No","Twitter for Android","#الباب, #حلب, #دمشق, #سوريا","https://x.com/SawadyM/status/1951338262200545652","","","https://syria-news-report.blogspot.com/2025/08/blog-post.html"
"=""1951338243393216519""","أحمد الشرع فاشل

#سوريا #دمشق #السويداء #درعا #حلب","Tweet","AbuRami SYR","SYR_USA","8/1/2025, 8:44:25 PM","0","1","0","2","181","0","ar","No","Twitter Web App","#سوريا, #دمشق, #السويداء, #درعا, #حلب","https://x.com/SYR_USA/status/1951338243393216519","","",""
"=""1951338054674698358""","إيران ستعود قريبا الى دمشق .. او الاصح .. الجولاني سيعود لحضن ايران قريبا 

#سوريا #دمشق #السويداء #حلب #درعا","Tweet","AbuRami SYR","SYR_USA","8/1/2025, 8:43:40 PM","0","0","0","5","155","0","ar","No","Twitter Web App","#سوريا, #دمشق, #السويداء, #حلب, #درعا","https://x.com/SYR_USA/status/1951338054674698358","","",""
"=""1951337848936010139""","حكومة الجولاني غير قابلة للإصلاح 

#سوريا #دمشق #السويداء #حلب #درعا","Tweet","AbuRami SYR","SYR_USA","8/1/2025, 8:42:51 PM","0","3","0","23","389","0","ar","No","Twitter Web App","#سوريا, #دمشق, #السويداء, #حلب, #درعا","https://x.com/SYR_USA/status/1951337848936010139","","",""
"=""1951337391735840896""","حافظ الاسد كان خبيث خارجيا .. بس كان حمار و ابن قح.بة داخليا 

المصيبة لما تكون حمار داخليا وخارجيا هههههههههه

#سوريا #دمشق #السويداء #درعا #حلب #حمص","Tweet","AbuRami SYR","SYR_USA","8/1/2025, 8:41:02 PM","0","0","0","1","123","0","ar","No","Twitter Web App","#سوريا, #دمشق, #السويداء, #درعا, #حلب, #حمص","https://x.com/SYR_USA/status/1951337391735840896","","",""
"=""1951337002370212321""","@zyad432 @sharralmlion @TNT_arabic ترا هم نفسهم الي قصفو عدن بالمدفعيه ثقيله وقتلو احد عدن لولا الله ثم تدخل السعوديه كان دمروها الروافض مثل مادمرو سوريا وحاصرو حلب","Reply","saleh","clsh_of","8/1/2025, 8:39:30 PM","0","0","0","1","28","0","ar","No","Twitter for iPhone","","https://x.com/clsh_of/status/1951337002370212321","","",""
"=""1951336945683923186""","🔴 مظاهرة شعبية في حلب رفضاً للتدخلات الخارجية وتمسكاً بوحدة سوريا

شهدت ساحة سعد الله الجابري في مدينة حلب مظاهرة شعبية حاشدة، عبّر المشاركون فيها عن رفضهم القاطع لأي تدخل خارجي أو محاولات لتقسيم البلاد، مؤكدين تمسكهم بوحدة الأراضي السورية ودعمهم للدولة ومؤسساتها.

#حلب #سوريا https://t.co/E9XLc8PvSA","Tweet","المجهر السوري","ShamScope","8/1/2025, 8:39:16 PM","0","0","0","1","29","0","ar","No","Buffer","#حلب, #سوريا","https://x.com/ShamScope/status/1951336945683923186","photo","https://pbs.twimg.com/media/GxSKnDLWgAARad3.jpg, https://pbs.twimg.com/media/GxSKm_sXQAA9lQ0.jpg, https://pbs.twimg.com/media/GxSKnAnW0AAdYSA.jpg, https://pbs.twimg.com/media/GxSKnF3WAAErNoo.jpg",""
"=""1951336201526424057""","💡#سوريا/#حلب: تسلم أيادي الشباب في حلب و تعاملهم مع عمر خيري كان ""راقي""  إذا عرفنا أن الطحان عمر خيري و غيره كانوا من جند فرعون و هامان https://t.co/jKK98umlYs","Tweet","Dr. Atman 🇩🇿","athmane_dza","8/1/2025, 8:36:19 PM","0","0","0","0","180","0","ar","No","Twitter for Android","#سوريا, #حلب","https://x.com/athmane_dza/status/1951336201526424057","video","https://video.twimg.com/ext_tw_video/1951336157725290496/pu/vid/avc1/640x360/xvrGe6dnLBMjWRNx.mp4?tag=12",""
"=""1951336062829363497""","تلفزيون سوريا ينشر فيديو : 
كتبوا عبارات على وجهه وجسده!
مجموعة مسلحة تعتدي على المغني عمر خيري في ريف حلب https://t.co/ORRLg4jmXT","Tweet","Ayman Abdel Nour","aabnour","8/1/2025, 8:35:46 PM","4","1","0","19","2080","2","ar","No","Twitter Web App","","https://x.com/aabnour/status/1951336062829363497","video","https://video.twimg.com/amplify_video/1951335936715005952/vid/avc1/1080x1920/Pj1CUa6dj1pvpEIf.mp4?tag=21",""
"=""1951335536867660191""","#الجزء الأخير من حوارنا مع السيد أكرم المحشوش من  شيوخ عشيرة الجبور، ويشغل منصب رئيس مجلس الأعيان في قسد، وامين عام لحزب المحافظين الديمقراطي في الجزيرة العربية السورية #قسد #الحسكة #عفرين #سوريا #حلب #حمص #القامشلي #ديرالزور #اكسبلور #الرقة #دمشق #سلوك #الشرع #قسد #تركيا #لبنان https://t.co/OCpPQ4huXd","Tweet","فواز الذياب","fwazdeab89","8/1/2025, 8:33:40 PM","0","0","0","7","184","0","ar","No","Twitter for iPhone","#الجزء, #قسد, #الحسكة, #عفرين, #سوريا, #حلب, #حمص, #القامشلي, #ديرالزور, #اكسبلور, #الرقة, #دمشق, #سلوك, #الشرع, #قسد, #تركيا, #لبنان","https://x.com/fwazdeab89/status/1951335536867660191","video","https://video.twimg.com/amplify_video/1951334105955684352/vid/avc1/882x1594/JtCOnY-JJqisg8wH.mp4?tag=21",""
"=""1951334814709100952""","منبج ريف حلب الشمالي رفضاً للتدخل الخارجي ومحاولات التقسيم وتأكيداً على وحدة الأراضي السورية
#سوريا_الجديدة https://t.co/Jx0wMiwZz9","Tweet","NGJC_SY التجمع الوطني للعدالة و البناء","nrmsy2025","8/1/2025, 8:30:48 PM","0","1","1","2","49","0","ar","No","Twitter for Android","#سوريا_الجديدة","https://x.com/nrmsy2025/status/1951334814709100952","photo","https://pbs.twimg.com/media/GxSIqQ-WcAAuGD0.jpg, https://pbs.twimg.com/media/GxSIqT3XoAEapVH.jpg, https://pbs.twimg.com/media/GxSIqbgWkAABx84.jpg",""
"=""1951333699087110561""","حلب ساحة سعد الله الجابري رفضاً للتدخل الخارجي ومحاولات التقسيم وتأكيداً على وحدة الأراضي السورية
#سوريا_الان 
#سوريا_الجديدة https://t.co/pY8pOicEf5","Tweet","NGJC_SY التجمع الوطني للعدالة و البناء","nrmsy2025","8/1/2025, 8:26:22 PM","0","0","0","0","35","0","ar","No","Twitter for Android","#سوريا_الان, #سوريا_الجديدة","https://x.com/nrmsy2025/status/1951333699087110561","photo","https://pbs.twimg.com/media/GxSHpUMWUAApmPY.jpg, https://pbs.twimg.com/media/GxSHpWyWsAADobH.jpg, https://pbs.twimg.com/media/GxSHpeNWYAAWge-.jpg, https://pbs.twimg.com/media/GxSHpe_WcAADXLu.jpg",""
"=""1951331410137972934""","#الجزء الثالث من حوارنا مع السيد أكرم المحشوش من  شيوخ عشيرة الجبور، ويشغل منصب رئيس مجلس الأعيان في قسد، وامين عام لحزب المحافظين الديمقراطي في الجزيرة العربية السورية #قسد #الحسكة #عفرين #سوريا #حلب #حمص #القامشلي #ديرالزور #اكسبلور #الرقة #دمشق #سلوك #الشرع #قسد #تركيا #لبنان https://t.co/PDz4i7kzlj","Tweet","فواز الذياب","fwazdeab89","8/1/2025, 8:17:16 PM","1","0","0","7","196","0","ar","No","Twitter for iPhone","#الجزء, #قسد, #الحسكة, #عفرين, #سوريا, #حلب, #حمص, #القامشلي, #ديرالزور, #اكسبلور, #الرقة, #دمشق, #سلوك, #الشرع, #قسد, #تركيا, #لبنان","https://x.com/fwazdeab89/status/1951331410137972934","video","https://video.twimg.com/amplify_video/1951330063489585152/vid/avc1/884x1920/B0SVjDmpRF0_Of0v.mp4?tag=21",""
"=""1951331090901180544""","@abumoha61680622 تم تجنيدهم وتدريبهم في إيران والعراق،  ثم أُرسلوا للقتال في سوريا تحت إشراف مباشر من الحرس الثوري الإيراني. شاركوا في معارك ومجازر إلى جانب قوات النظام السوري وميليشيات إيران الأخرى، ضد فصائل المعارضة وأهل السنة، في مناطق مثل حلب والغوطة ودرعا. وقد ارتكبوا مجازر وعمليات تطهير","Reply","AliAlhotti","Alialhotti70","8/1/2025, 8:16:00 PM","0","0","0","0","14","0","ar","No","Twitter Web App","","https://x.com/Alialhotti70/status/1951331090901180544","","",""
"=""1951331008185299117""","🔶تزايد اعتداءات قوات دمشق على الفنانين

🔶قامت مجموعات تابعة للحكومة الانتقالية في سوريا بتعذيب فنان في مدينة الباب بريف حلب، كما كسروا الآلات الموسيقية لفنانين كرد في ريف حمص.

🌐https://t.co/Jj1g9V1ZRL https://t.co/wK9mAjU8on","Tweet","ANF Arabic","anfarabicservic","8/1/2025, 8:15:40 PM","0","0","0","0","19","0","ar","No","Twitter Web App","","https://x.com/anfarabicservic/status/1951331008185299117","photo","https://pbs.twimg.com/media/GxSFMfsW8AAeC8W.jpg","https://arabic.anf-news.com/%D8%B1%D9%88%D8%AC%20%D8%A2%D9%81%D8%A7%20-%20%D8%B3%D9%88%D8%B1%D9%8A%D8%A7/tzayd-atdaat-qwat-dmshq-ly-alfnanyn-121959"
"=""1951330950513643721""","مسيرات داعمة للدولة  السورية في كل المحافظات السورية #قسد #الحسكة #عفرين #سوريا #حلب #حمص #القامشلي #ديرالزور #اكسبلور #الرقة #دمشق #سلوك #الشرع #قسد #تركيا #لبنان #العراق #السعودية https://t.co/kq7vfdc5Ye","Tweet","فواز الذياب","fwazdeab89","8/1/2025, 8:15:27 PM","2","9","0","50","407","0","ar","No","Twitter for iPhone","#قسد, #الحسكة, #عفرين, #سوريا, #حلب, #حمص, #القامشلي, #ديرالزور, #اكسبلور, #الرقة, #دمشق, #سلوك, #الشرع, #قسد, #تركيا, #لبنان, #العراق, #السعودية","https://x.com/fwazdeab89/status/1951330950513643721","photo","https://pbs.twimg.com/media/GxSFJ7TW8AAR3Zk.jpg, https://pbs.twimg.com/media/GxSFJ7RXEAAFPtr.jpg, https://pbs.twimg.com/media/GxSFJ7PXAAAMev5.jpg, https://pbs.twimg.com/media/GxSFJ7NWQAAq9Fz.jpg",""
"=""1951330650344001603""","@Almutasim95 @Hotsnow86 @adinaser77 سؤالك يكشف جهلك قبل حقدك.
هل تؤيد جرائم حزب الله في سوريا؟!
هل تؤيد تهجير أهل القصير وحمص، وذبح أهل حلب والغوطة، وبراميل الموت التي سفكت دماء المسلمين؟!
جاوب على هذا أولاً قبل أن تتكلم عن أي تأييد.","Reply","هيثم الكاسبي","dji_alkasbi","8/1/2025, 8:14:15 PM","1","0","0","0","25","0","ar","No","Twitter for Android","","https://x.com/dji_alkasbi/status/1951330650344001603","","",""
"=""1951329587041828953""","يعني مالنا علاقة اقتلوا بعض بدون ما تصوروا ههههههههههههههههههههههههه

#سوريا زريبة الجولاني 
#دمشق #حلب","Tweet","AbuRami SYR","SYR_USA","8/1/2025, 8:10:02 PM","0","0","0","0","96","0","ar","No","Twitter Web App","#سوريا, #دمشق, #حلب","https://x.com/SYR_USA/status/1951329587041828953","","",""
"=""1951308074498629786""","وزارة الداخلية السورية تنفي بشكل قاطع ما يتداول على مواقع التواصل الإجتماعي عن تعرّض مطرب شعبي للاعتداء من قبل عناصر الأمن في مدينة الباب بريف حلب، وتؤكد أن لا علاقة لأي جهة أمنية بالحادثة المذكورة.","Quoted tweet","Qasem","Qasemqt","8/1/2025, 6:44:33 PM","13","5","4","336","9564","7","ar","No","Twitter for iPhone","","https://x.com/Qasemqt/status/1951308074498629786","","",""
"=""1951329186838098323""","استأنفت الخطوط الجوية التركية، اليوم الجمعة، رحلاتها من #إسطنبول إلى مدينة #حلب شمالي سوريا، بعد توقّف استمر 13 عاماً.","Tweet","Abidi Wael","WaelHisGeo","8/1/2025, 8:08:26 PM","0","0","0","0","19","0","ar","No","Twitter Web App","#إسطنبول, #حلب","https://x.com/WaelHisGeo/status/1951329186838098323","","",""
"=""1951328788664451243""","#الجزء الأول من حوارنا مع السيد أكرم المحشوش من  شيوخ عشيرة الجبور، ويشغل منصب رئيس مجلس الأعيان في قسد، وامين عام لحزب المحافظين الديمقراطي في الجزيرة العربية السورية #قسد #الحسكة #عفرين #سوريا #حلب #حمص #القامشلي #ديرالزور #اكسبلور #الرقة #دمشق #سلوك #الشرع #قسد #تركيا #لبنان https://t.co/2kwjyR66pW","Tweet","فواز الذياب","fwazdeab89","8/1/2025, 8:06:51 PM","4","2","0","15","288","0","ar","No","Twitter for iPhone","#الجزء, #قسد, #الحسكة, #عفرين, #سوريا, #حلب, #حمص, #القامشلي, #ديرالزور, #اكسبلور, #الرقة, #دمشق, #سلوك, #الشرع, #قسد, #تركيا, #لبنان","https://x.com/fwazdeab89/status/1951328788664451243","video","https://video.twimg.com/amplify_video/1951327393118851072/vid/avc1/884x1920/BsGPy0Ek01dSK63z.mp4?tag=21",""
"=""1951327069398507766""","استأنفت الخطوط الجوية التركية، اليوم الجمعة، رحلاتها من #إسطنبول إلى مدينة #حلب شمالي سوريا، بعد توقّف استمر 13 عاماً.

وهبطت أول طائرة ركاب تابعة للشركة في مطار حلب الدولي، حيث أُقيمت مراسم استقبال رسمية، شملت قصّ الشريط الأحمر بحضور دبلوماسيين ومسؤولين سوريين وأتراك.

وأعرب https://t.co/7g3FqfKG1Z","Tweet","TRT عربي","TRTArabi","8/1/2025, 8:00:01 PM","0","1","0","7","2313","0","ar","No","Twitter Web Client","#إسطنبول, #حلب","https://x.com/TRTArabi/status/1951327069398507766","photo","https://pbs.twimg.com/media/GxR-BdBWQAYkjLQ.jpg",""
"=""1951327065522971017""","المتحدث ب اسم وزارة الداخلية نور الدين بابا انه لا علاقة ل جهة امنية بحادثة المطرب الشعبي #عمر #خيري في #حلب #سوريا #سورية #vsh #vartan #varoradio https://t.co/maw4NS2cAG","Tweet","Vartan Shabo","VartanShabo","8/1/2025, 8:00:00 PM","0","0","0","1","50","0","ar","No","Twitter for Android","#عمر, #خيري, #حلب, #سوريا, #سورية, #vsh, #vartan, #varoradio","https://x.com/VartanShabo/status/1951327065522971017","video","https://video.twimg.com/ext_tw_video/1951326969557078016/pu/vid/avc1/720x1280/j24hCx3la1L3zMiX.mp4?tag=12",""
"=""1951326793845125621""","وقفة في مدينة #منبج بريف #حلب الشرقي دعمًا لمؤسسات الدولة ورفضًا للتدخل الخارجي وتأكيدًا على وحدة #سوريا https://t.co/6w8fiY1EpT","Tweet","Halab Today TV قناة حلب اليوم","HalabTodayTV","8/1/2025, 7:58:56 PM","3","0","0","27","973","1","ar","No","Twitter Web App","#منبج, #حلب, #سوريا","https://x.com/HalabTodayTV/status/1951326793845125621","photo","https://pbs.twimg.com/media/GxSBX5-WQAAX5W_.jpg",""
"=""1951324614090440744""","#حلب
وقفة تضامنية شعبية بساحة #سعد_الله_الجابري في المدينة رفضاً للتدخل الخارجي ومحاولات التقسيم وتأكيداً على سيادة #سوريا واستقلالها 

#شام_إف_إم #للخبر_مصدر","Tweet","Sham fm شام إف إم","radioshamfm","8/1/2025, 7:50:16 PM","0","0","0","2","208","0","ar","No","Twitter for Android","#حلب, #سعد_الله_الجابري, #سوريا, #شام_إف_إم, #للخبر_مصدر","https://x.com/radioshamfm/status/1951324614090440744","","",""
"=""1951323684540653758""","@Hotsnow86 @adinaser77 يا تافه،
هذا هو رأيي،
أين كانت أصواتكم عندما ارتكب حزب الله جرائمه بحق المسلمين في سوريا؟!
أين كنتم يوم قصف القصير وهُجر أهلها، ويوم سقطت حلب تحت براميل الموت، ويوم ذُبح أهل الغوطة وحمص على يد ميليشيات إيران وحزب الله؟
لم نسمع لكم صوتا، ولم نركم تغضبون أو تنتفضون، بل كنتم مطأطئي","Reply","هيثم الكاسبي","dji_alkasbi","8/1/2025, 7:46:34 PM","0","0","0","0","72","0","ar","No","Twitter for Android","","https://x.com/dji_alkasbi/status/1951323684540653758","","",""
"=""1951323288233197736""","كتبوا عبارات على وجهه وجسده!
مجموعة مسلحة تعتدي على المغني عمر خيري في ريف #حلب
#تلفزيون_سوريا #نيو_ميديا_سوريا https://t.co/hDusNPgmwn","Tweet","تلفزيون سوريا","syr_television","8/1/2025, 7:45:00 PM","32","3","3","44","6452","3","ar","No","Twitter Media Studio","#حلب, #تلفزيون_سوريا, #نيو_ميديا_سوريا","https://x.com/syr_television/status/1951323288233197736","video","https://video.twimg.com/amplify_video/1951320242686197760/vid/avc1/1080x1920/7s82Um-b-sk5gD1_.mp4?tag=21",""
"=""1951323228892184694""","وقفة لأهالي مدينة منبج بريف حلب الشرقي دعماً لمؤسسات الدولة ورفضاً للتدخل الخارجي في سوريا وتأكيداً على وحدة أرضها وشعبها

#الإخبارية_السورية https://t.co/CgQRv7BVzj","Tweet","الإخبارية السورية","AlekhbariahSY","8/1/2025, 7:44:46 PM","2","13","2","140","5114","0","ar","No","Twitter Web App","#الإخبارية_السورية","https://x.com/AlekhbariahSY/status/1951323228892184694","photo","https://pbs.twimg.com/media/GxR-IGIWQAEXvMS.jpg, https://pbs.twimg.com/media/GxR-IHhWQA0In3i.jpg, https://pbs.twimg.com/media/GxR-IITWQAsgB--.jpg",""
"=""1951322573297349069""","أنا حسين حجازي سني من حلب، أعلن أن لا عداء بيني وبين الشيعة على أساس ديني.
مشكلتي مع الشيعة سياسية مصدرها الأساسي تدخل حزب الله في سوريا لصالح النظام.
و لو لم يفعل ذلك نصر الله لكان بقي من أعظم الشخصيات في نظري.","Tweet","Hussein Hejazi","hussein_hejazi","8/1/2025, 7:42:09 PM","0","0","0","1","60","0","ar","No","Twitter for iPhone","","https://x.com/hussein_hejazi/status/1951322573297349069","","",""
"=""1951321834726506957""","جزء من الترتيبات الأمنية في أوقات الزيارة عند الشيعة.. وهاد حق للدولة العراقية.
كفُّو عن الولدنة و زيادة العداء مع الشيعة البسطاء اللي في منهم لهلأ ما تتدخل بالسياسة.
ولدنات تهدم كل ما تقوم به الحكومة في خفض حدة الاستقطاب.","Quoted tweet","Hussein Hejazi","hussein_hejazi","8/1/2025, 7:39:13 PM","0","0","1","1","117","0","ar","No","Twitter for iPhone","","https://x.com/hussein_hejazi/status/1951321834726506957","","",""
"=""1951321292172386752""","مسيرات تجديد البيعة لقائد الوطن ههههه ومسيرة التطوير والتحديث 

كل اللي بالصورة ما بيطلعوا 100 شخص 

#سوريا #دمشق #حلب","Tweet","AbuRami SYR","SYR_USA","8/1/2025, 7:37:04 PM","2","0","0","11","302","0","ar","No","Twitter for Android","#سوريا, #دمشق, #حلب","https://x.com/SYR_USA/status/1951321292172386752","","",""
"=""1951318543976321375""","مظاهرة شعبية بساحة سعد الله الجابري في مدينة حلب رفضاً للتدخل الخارجي ومحاولات التقسيم وتأكيداً على وحدة الأراضي السورية

#الإخبارية_السورية https://t.co/ujyBikc6K9","Quoted tweet","الإخبارية السورية","AlekhbariahSY","8/1/2025, 7:26:09 PM","12","44","2","419","12085","2","ar","No","Twitter Web App","#الإخبارية_السورية","https://x.com/AlekhbariahSY/status/1951318543976321375","photo","https://pbs.twimg.com/media/GxR5upiWQAsbf_4.jpg, https://pbs.twimg.com/media/GxR5uujXsAAGA8q.jpg, https://pbs.twimg.com/media/GxR5utNWQAIzZ6j.jpg, https://pbs.twimg.com/media/GxR5urIXcAA8-yK.jpg",""
"=""1951321265186238886""","وقفة لأهالي مدينة منبج بريف حلب الشرقي دعماً لمؤسسات الدولة ورفضاً للتدخل الخارجي في سوريا وتأكيداً على وحدة أرضها وشعبها

#الإخبارية_السورية https://t.co/NPDzOvMuM6","Tweet","الإخبارية السورية","AlekhbariahSY","8/1/2025, 7:36:58 PM","3","9","0","107","3391","0","ar","No","Twitter Web App","#الإخبارية_السورية","https://x.com/AlekhbariahSY/status/1951321265186238886","photo","https://pbs.twimg.com/media/GxR77M_XcAAU2NO.jpg, https://pbs.twimg.com/media/GxR77OfXMAAUAzL.jpg, https://pbs.twimg.com/media/GxR77OiWQAcvC4e.jpg, https://pbs.twimg.com/media/GxR77PFWQAUdIO2.jpg",""
"=""1951318448656535977""","الاعتداء على على المطرب السوري الشعبي عمر خيري في ريف حلب ووزارة الداخلية السورية تنفي أي صلة لعناصر الأمن العام بالاعتداء
#سوريا #لبنان #إيران #ترمب #روسيا #أوكرانيا #العراق #ترامب #إسرائيل #أميركا #مصر #السعودية #الامارات #الكويت #الأردن #اليمن #الهلال 
https://t.co/bYxMogL63S","Tweet","༺الصقور༻","eagleeye1088","8/1/2025, 7:25:46 PM","1","1","5","7","480","0","ar","No","Twitter for iPhone","#سوريا, #لبنان, #إيران, #ترمب, #روسيا, #أوكرانيا, #العراق, #ترامب, #إسرائيل, #أميركا, #مصر, #السعودية, #الامارات, #الكويت, #الأردن, #اليمن, #الهلال","https://x.com/eagleeye1088/status/1951318448656535977","video","https://video.twimg.com/ext_tw_video/1951177064020692992/pu/vid/avc1/718x1280/eZoqj9KaYn3vmjST.mp4?tag=12",""
"=""1951316959120793681""","@yas0000er حلب ولاية تركية ولو بكرا راح تشوف لافتات واللغة كلها صاير تركي و تركي راح يكون لغة ثانية رسمية في سوريا","Reply","josura","Dilan4635835586","8/1/2025, 7:19:51 PM","1","0","0","2","258","0","ar","No","Twitter for iPhone","","https://x.com/Dilan4635835586/status/1951316959120793681","","",""
"=""1951316855554981924""","#فرات_بوست 
#سوريا :
نفـ.ـى المتحدث باسم وزارة الداخلية نور الدين البابا بشكل قاطع ما يُتداول على مواقع التواصل حول تعـ.ـرض مطرب شعبي للاعـ.ـتداء من قبل عناصـ.ـر الأمـ.ـن العام في مدينة الباب بريف حلب، مؤكداً أنه لا علاقة لأي جهة أمـ.ـنية بالحـ.ـادثة المذكورة. https://t.co/jXEurzrsYA","Tweet","فرات بوست","EuphratesPost","8/1/2025, 7:19:26 PM","0","1","0","1","136","0","ar","No","Twitter for Android","#فرات_بوست, #سوريا","https://x.com/EuphratesPost/status/1951316855554981924","photo","https://pbs.twimg.com/media/GxR4VssXMAEJ958.jpg",""
"=""1951315569812046056""","""الداخلية"" السورية تنفي: لا علاقة لنا بالاعتداء على مطرب في #حلب
#سوريا #الداخلية_السورية #عمر_خيري 
https://t.co/8xwtHLzVKK","Tweet","LebTalks","LebTalks","8/1/2025, 7:14:20 PM","0","0","0","0","94","0","ar","No","Twitter Web App","#حلب, #سوريا, #الداخلية_السورية, #عمر_خيري","https://x.com/LebTalks/status/1951315569812046056","","","https://lebtalks.com/?p=302572"
"=""1951314916746674355""","@omar_alharir الفلول أدخلوا الروس ليتمتع بصبايا العطاء 
القسدي حلب لأمريكي لينكح بناتهم بالخنادق 
اما الدرزي الذي يرفض تزويج بناتهم لأبناء الوطن قدمها بالمجان الصهيوني ؟ 

أقليات للأشرف واللاأخلاقية في سوريا ؟؟ 

#الدروز_المتصهينين 
#السويداء_سوريا","Reply","مُهيب‏ .🇸🇾","moheb926","8/1/2025, 7:11:44 PM","0","0","0","2","152","0","ar","No","Twitter for iPhone","#الدروز_المتصهينين, #السويداء_سوريا","https://x.com/moheb926/status/1951314916746674355","","",""
"=""1951314170932085053""","بعد حادثة الاعتداء على مطرب شعبي في حلب من قبل مجهولين .. المتحدث باسم وزارة الداخلية نورالدين البابا ينفي ما يتم تداوله على وسائل التواصل الاجتماعي حول تبعية المعتدين للأمن الداخلي.

#سيرياناس #سوريا https://t.co/VmPdcEvk2E","Tweet","سيرياناس | syrianas","syrianas3","8/1/2025, 7:08:46 PM","0","0","0","1","19","0","ar","No","Twitter Web App","#سيرياناس, #سوريا","https://x.com/syrianas3/status/1951314170932085053","video","https://video.twimg.com/amplify_video/1951313946637426688/vid/avc1/320x572/igDEtwQwzaEzap-R.mp4?tag=21",""
"=""1951313377675845879""","صفحات أهلية تتحدث عن مقتل شاب من أهالي بلدة #الزهراء الواقعة في #حلب

 الشاب مقيم في جنوب #دمشق و قُتل بعد استدراجه بأربع رصاصات في الرأس على يد عصابات منفلتة

#مراقب_سوري #سوريا https://t.co/Dzo4qM9TsA","Tweet","مراقب سوري Syrian Observer","Syrianobserve1","8/1/2025, 7:05:37 PM","0","0","1","0","62","0","ar","No","Twitter for Android","#الزهراء, #حلب, #دمشق, #مراقب_سوري, #سوريا","https://x.com/Syrianobserve1/status/1951313377675845879","photo","https://pbs.twimg.com/media/GxR1LRBXEAAE30q.jpg",""
"=""1951312842570764500""","انتصارات المجاهدين الاشاوس في سوريا ولا حول ولا قوة إلا بالله ...

الاعتداء على مطرب سوري في حلب.. أول تعليق رسمي
https://t.co/sibTAXKtYG","Tweet","Mohsen Mowafi","MohsenMowafi","8/1/2025, 7:03:29 PM","0","0","0","0","12","0","ar","No","Twitter for Android","","https://x.com/MohsenMowafi/status/1951312842570764500","","","https://www.skynewsarabia.com/varieties/1811854"
"=""1951312641009270998""","وصول قافلة محروقات تضم أربع ناقلات محملة بـ 96 ألف لتر من المازوت إلى بصرى الشام بريف درعا تمهيداً لإدخالها إلى محافظة السويداء.

#سوريا #حلب #السويداء #احمد_الشرع #فلسطين #غزه_تموت_جوعاً #الأردن #يوم_الجمعة #معبر_رفح https://t.co/UxB6dl8jgb","Tweet","وكالة إيلكا للأنباء","ilkhanewsarabic","8/1/2025, 7:02:41 PM","0","0","0","0","52","0","ar","No","Twitter Web App","#سوريا, #حلب, #السويداء, #احمد_الشرع, #فلسطين, #غزه_تموت_جوعاً, #الأردن, #يوم_الجمعة, #معبر_رفح","https://x.com/ilkhanewsarabic/status/1951312641009270998","video","https://video.twimg.com/amplify_video/1951312521102557189/vid/avc1/1920x1280/Z5c5-J2GPg-G-i1b.mp4?tag=21",""
"=""1951312268337336440""","الفلول أدخلوا الروس ليتمتع بصبايا العطاء 
القسدي حلب لأمريكي لينكح بناتهم بالخنادق 
اما الدرزي الذي يرفض تزويج بناتهم لأبناء الوطن قدمها بالمجان الصهيوني ؟ 

أقليات للأشرف واللاأخلاقية في سوريا ؟؟ 

#الدروز_المتصهينين 
#السويداء_سوريا","Tweet","مُهيب‏ .🇸🇾","moheb926","8/1/2025, 7:01:13 PM","0","0","0","1","15","0","ar","No","Twitter for iPhone","#الدروز_المتصهينين, #السويداء_سوريا","https://x.com/moheb926/status/1951312268337336440","","",""
"=""1951310363569377302""","عاجل | المتحدث باسم وزارة الداخلية نور الدين البابا:

ننفي بشكل قاطع ما يُتداول على مواقع التواصل حول تعرض مطرب شعبي للاعتداء من قبل عناصر الأمن العام في مدينة الباب بريف حلب ولا علاقة لأي جهة أمنية بالحادثة المذكورة.

#سيرياناس #سوريا https://t.co/QgytMENS3Q","Tweet","سيرياناس | syrianas","syrianas3","8/1/2025, 6:53:38 PM","0","0","0","0","39","0","ar","No","Twitter Web App","#سيرياناس, #سوريا","https://x.com/syrianas3/status/1951310363569377302","photo","https://pbs.twimg.com/media/GxRyYXLWMAQ4cqF.jpg",""
"=""1951309953286770846""","@basharoweja @RBouzoAH لا يا سيد بشار .. حلب كانت حاجتها 2600 ميغاواط قبل الثورة لذلك 10 جيجا وات او 12 جيجا وات تكفي سوريا","Reply","آلند بيرم-Aland Bayram(حُرّ الشَمال)","Gomer_pyle_94","8/1/2025, 6:52:01 PM","0","0","0","0","14","0","ar","No","Twitter for iPhone","","https://x.com/Gomer_pyle_94/status/1951309953286770846","","",""
"=""1951307405049868491""","بعد 14 عاماً من التوقف… مطار حلب الدولي يستقبل أول رحلة مباشرة من إسطنبول خاص- سوريا 24
https://t.co/Wv1iYLlBC9","Tweet","سوريا بلس | SY+","SY_plus","8/1/2025, 6:41:53 PM","0","0","0","4","327","0","ar","No","Twitter for iPhone","","https://x.com/SY_plus/status/1951307405049868491","","","https://www.sy-24.com/157220/"
"=""1951307145045049356""","وصلت اليوم إلى مطار حلب الدولي أولى رحلات الخطوط الجوية التركية قادمة من مطار إسطنبول، وذلك بعد توقف دام 14 عاماً، وعلى متنها 140 راكباً.

#سوريا #حلب #السويداء #احمد_الشرع #فلسطين #غزه_تموت_جوعاً #الأردن #يوم_الجمعة #معبر_رفح https://t.co/oNCUr13BXr","Tweet","وكالة إيلكا للأنباء","ilkhanewsarabic","8/1/2025, 6:40:51 PM","1","0","0","0","81","0","ar","No","Twitter Web App","#سوريا, #حلب, #السويداء, #احمد_الشرع, #فلسطين, #غزه_تموت_جوعاً, #الأردن, #يوم_الجمعة, #معبر_رفح","https://x.com/ilkhanewsarabic/status/1951307145045049356","photo","https://pbs.twimg.com/media/GxRvf9qW0AIJ_UP.jpg",""
"=""1951305580385009732""","🔴🔴 اترك ارض الكفار وانزل الى دولة بني أمية.. وعيش هناك 

مو معقولة يعني قاعد بأمريكا وبناتك بجامعات أمريكا... وبدك الناس تعيش تحت حكم الجولاني بالخيم وبناتهم ما يتعملوا ولا يعيشوا مثل البشر 

انزل عيش بالدولة الدينية اللي بدك تطبقها على غيرك
#سوريا #دمشق #السويداء #درعا #حلب","Tweet","AbuRami SYR","SYR_USA","8/1/2025, 6:34:38 PM","1","2","0","21","554","1","ar","No","Twitter for Android","#سوريا, #دمشق, #السويداء, #درعا, #حلب","https://x.com/SYR_USA/status/1951305580385009732","","",""
"=""1951302831245500843""","اي حلبي بيروح بيغني عند القرباط بيستاهل يصير فيه هيك 

صفر تعاطف يا عمر خيري 

طلع على لساني شعر وانا قول لا حدا يطلع برا مدينته إلا للضرورة 

سوريا ليست آمنة .

#سوريا #حلب #الباب #Syria","Tweet","شهباوي","shahbawi10","8/1/2025, 6:23:43 PM","0","0","0","3","223","0","ar","No","Twitter for Android","#سوريا, #حلب, #الباب, #Syria","https://x.com/shahbawi10/status/1951302831245500843","","",""
"=""1951158241645437275""","⭕️هذا التأسلمي عندما يستمل سلطة وكان يتباكى على الحرية ويقول بشار عم يقمع أصواتنا ولايسمح بصوت معادي له ان يطفح على السطح
وعندما طفحوا من المجاري على السطح مارسوا احقر وابشع التصرفات والجرائم من بشار الفأر الفار الذي رباهم  وسلمهم سلطة لينتقموا من السوريينhttps://t.co/nbZWG49CKN","Quoted tweet","سفيان السامرائي","SufianSamarrai","8/1/2025, 8:49:10 AM","10","27","2","229","7308","7","ar","No","Twitter for iPhone","","https://x.com/SufianSamarrai/status/1951158241645437275","video","https://video.twimg.com/amplify_video/1951156673042612226/vid/avc1/704x1280/GtV_GXPgOwQbbnf2.mp4?tag=21",""
"=""1951302348405432412""","🔴 مثل ما عادت روسيا الى سوريا ستعود إيران الى سوريا 

ومع ذلك لازم تطبل للجولاني .. لانه اخذ مكان بشار الأسد.. نفس الطوبزة بس مع هوية بصرية 🤣🤣🤣
#سوريا #دمشق #السويداء #درعا #حلب","Tweet","AbuRami SYR","SYR_USA","8/1/2025, 6:21:47 PM","0","1","0","11","260","0","ar","No","Twitter for Android","#سوريا, #دمشق, #السويداء, #درعا, #حلب","https://x.com/SYR_USA/status/1951302348405432412","","",""
"=""1951301415005004138""","#سوريا #دمشق #السويداء #درعا #حلب #حمص","Tweet","AbuRami SYR","SYR_USA","8/1/2025, 6:18:05 PM","0","0","0","3","327","0","qht","No","Twitter for Android","#سوريا, #دمشق, #السويداء, #درعا, #حلب, #حمص","https://x.com/SYR_USA/status/1951301415005004138","","",""
"=""1951299664600502342""","رجل الأعمال عدنان طرابيشي الذي شارك بجميع مؤتمرات الاستثمار التي عقدت بدمشق وقريب من عديد من أعضاء الحكومة البيرقراطيين يقول :
معظم الأحداث المؤلمة التي مررنا بها بعد التحرير كان يمكن تفاديها او تقليل مأساتها 
.......
-يوماً بعد يوم يبتعد المشهد على الأرض عن تحقيق الطموحات رغم كل https://t.co/7syVnuMGtM","Quoted tweet","Ayman Abdel Nour","aabnour","8/1/2025, 6:11:08 PM","6","10","1","42","5521","2","ar","No","Twitter for Android","","https://x.com/aabnour/status/1951299664600502342","photo","https://pbs.twimg.com/media/GxRotFyaQAATajN.jpg",""
"=""1951299192074182673""","أمريكا: مفاوضات دمج قسد مع الجيش السوري وصلت إلى طريق مسدود  

أفادت أمريكا بأن مفاوضات دمج قوات سوريا الديمقراطية ""قسد"" مع الجيش السوري الجديد قد ""وصلت إلى طريق مسدود، وأن اتفاق تسليم سد تشرين في حلب لم يُنفذ بسبب مخاوف

 https://t.co/R3a6IcXYJh","Tweet","الراصد الإخباري","ss70175339","8/1/2025, 6:09:15 PM","0","0","0","0","13","0","ar","No","IFTTT","","https://x.com/ss70175339/status/1951299192074182673","","","https://ift.tt/mYOrcHW"